{"current":{"logo":"shopify:\/\/shop_images\/CPC_Logo_Horizontal-1024x202.png","logo_transparent":"shopify:\/\/shop_images\/CPC_Logo_Horizontal-1024x202.png","logo_width":140,"logo_mobile":"shopify:\/\/shop_images\/Carolina_Pet_-_Emblem.png","logo_transparent_mobile":"shopify:\/\/shop_images\/Carolina_Pet_-_Emblem.png","logo_width_mobile":100,"favicon":"shopify:\/\/shop_images\/Carolina_Pet_-_Emblem.png","color_badge_sale":"#c6512c","color_badge_hot":"#000000","color_badge_new":"#67785d","color_badge_new_text":"#000000","color_badge_soldout":"#a5a4ab","type_body_font":"dm_sans_n4","body_font_weight_bolder":"700","body_font_size":15,"type_header_font":"fraunces_n4","heading_scale":100,"heading_mobile_scale":80,"heading_letter_spacing":-4,"display_heading_size":60,"display_heading_uppercase":false,"subheading_scale":100,"subheading_font":"body","subheading_font_weight":"500","subheading_letter_spacing":5,"subheading_transform":"uppercase","pcard_title_scale":106,"pcard_title_font":"body","pcard_title_font_weight":"500","pcard_title_uppercase":false,"navigation_font_weight":"500","navigation_uppercase":true,"buttons_font":"body","buttons_font_weight":"500","buttons_letter_spacing":5,"buttons_transform":"uppercase","page_width":1410,"section_header_alignment":"center","section_header_alignment_mobile":"inherit","buttons_corner_radius":"slightly","inputs_corner_radius":"slightly","blocks_corner_radius":"slightly","pcard_corner_radius":"slightly","badges_corner_radius":"slightly","pcard_style":"standard","pcard_color_scheme":"scheme-1","pcard_show_vendor":false,"pcard_show_type":false,"pcard_enable_color_swatches":true,"pcard_maximum_swatches_to_show":3,"pcard_show_sale_badge":true,"pcard_sale_badge_type":"show_percentage","collection_card_color_scheme":"scheme-1","collection_card_style":"style-1","collection_card_show_product_count":false,"cart_type":"drawer","cart_icon":"shopping-bag","free_shipping_minimum_amount":"200","social_facebook_link":"https:\/\/www.facebook.com\/carolinapetcompany\/","social_instagram_link":"https:\/\/www.instagram.com\/carolinapetco\/","social_youtube_link":"https:\/\/www.youtube.com\/channel\/UCALS6jXlsSaZKCvpvZ9eFCw","social_tiktok_link":"","social_twitter_link":"https:\/\/twitter.com\/carolinapetco","social_snapchat_link":"","social_pinterest_link":"https:\/\/www.pinterest.com\/CarolinaPetCo\/","social_tumblr_link":"","social_vimeo_link":"","predictive_search_enabled":true,"predictive_search_show_vendor":false,"predictive_search_show_price":true,"currency_code_enabled":false,"buttons_uppercase":false,"blog_card_style":"standard","blog_card_text_alignment":"left","blog_card_color_scheme":"scheme-2","show_vendor":false,"show_cart_note":false,"cart_drawer_collection":"","sections":{"main-password-header":{"type":"main-password-header","settings":{}},"main-password-footer":{"type":"main-password-footer","settings":{"color_scheme":"scheme-1"}},"sticky-atc-bar":{"type":"sticky-atc-bar","settings":{"container":"full","visibility":"all","show_atc_button":true,"show_dynamic_checkout_buttons":false,"show_quantity":true}}},"content_for_index":[],"blocks":{"4935202709820522637":{"type":"shopify:\/\/apps\/trustshop-reviews\/blocks\/review-embed\/18b0c4cc-5411-4b6e-922d-34fdc2f30ab9","disabled":false,"settings":{}},"11089864892113081655":{"type":"shopify:\/\/apps\/tinyseo\/blocks\/website-json-ld-embed\/0605268f-f7c4-4e95-b560-e43df7d59ae4","disabled":false,"settings":{}},"1360768219604461044":{"type":"shopify:\/\/apps\/tinyseo\/blocks\/store-json-ld-embed\/0605268f-f7c4-4e95-b560-e43df7d59ae4","disabled":false,"settings":{}},"14971748854670876780":{"type":"shopify:\/\/apps\/tinyseo\/blocks\/product-json-ld-embed\/0605268f-f7c4-4e95-b560-e43df7d59ae4","disabled":false,"settings":{}},"1369284949797581044":{"type":"shopify:\/\/apps\/tinyseo\/blocks\/collection-json-ld-embed\/0605268f-f7c4-4e95-b560-e43df7d59ae4","disabled":false,"settings":{}},"15154131639906026026":{"type":"shopify:\/\/apps\/tinyseo\/blocks\/broken-link-embed\/0605268f-f7c4-4e95-b560-e43df7d59ae4","disabled":false,"settings":{}},"2353461558643755616":{"type":"shopify:\/\/apps\/tinyseo\/blocks\/breadcrumbs-json-ld-embed\/0605268f-f7c4-4e95-b560-e43df7d59ae4","disabled":false,"settings":{}},"11104565113590962351":{"type":"shopify:\/\/apps\/tinyseo\/blocks\/article-json-ld-embed\/0605268f-f7c4-4e95-b560-e43df7d59ae4","disabled":false,"settings":{}}},"color_schemes":{"scheme-1":{"settings":{"primary_accent":"#d63a2f","border":"#e6e6e6","text":"#000000","background":"#ffffff","secondary_background":"#f7f7f7","button":"#000000","button_label":"#ffffff","secondary_button":"#e9e9e9","secondary_button_border":"#e9e9e9","secondary_button_label":"#000000","button_hover":"#000000","button_label_hover":"#ffffff","form_field":"#f5f5f5","form_field_label":"#000000","product_price_sale":"#d63a2f"}},"scheme-2":{"settings":{"primary_accent":"#d63a2f","border":"#c6bfb1","text":"#000000","background":"#f3f0ec","secondary_background":"#f3f0ec","button":"#000000","button_label":"#ffffff","secondary_button":"#ffffff","secondary_button_border":"#e6e6e6","secondary_button_label":"#000000","button_hover":"#000000","button_label_hover":"#ffffff","form_field":"#ffffff","form_field_label":"#000000","product_price_sale":"#d63a2f"}},"scheme-3":{"settings":{"primary_accent":"#d63a2f","border":"#e6e6e6","text":"#000000","background":"#f0eae3","secondary_background":"#f7f7f7","button":"#e9e9e9","button_label":"#000000","secondary_button":"#000000","secondary_button_border":"#000000","secondary_button_label":"#ffffff","button_hover":"#000000","button_label_hover":"#ffffff","form_field":"#ffffff","form_field_label":"#000000","product_price_sale":"#d63a2f"}},"scheme-4":{"settings":{"primary_accent":"#d63a2f","border":"#c0bbb6","text":"#000000","background":"#ede8e2","secondary_background":"#f7f7f7","button":"#000000","button_label":"#ffffff","secondary_button":"#e9e9e9","secondary_button_border":"#e9e9e9","secondary_button_label":"#000000","button_hover":"#000000","button_label_hover":"#ffffff","form_field":"#ffffff","form_field_label":"#000000","product_price_sale":"#d63a2f"}},"scheme-inverse":{"settings":{"primary_accent":"#d63a2f","border":"#ffffff","text":"#ffffff","background":"#000000","secondary_background":"#000000","button":"#ffffff","button_label":"#000000","secondary_button":"#ffffff","secondary_button_border":"#e6e6e6","secondary_button_label":"#000000","button_hover":"#000000","button_label_hover":"#ffffff","form_field":"#ffffff","form_field_label":"#000000","product_price_sale":"#d63a2f"}},"scheme-6":{"settings":{"primary_accent":"#d63a2f","border":"#c6bfb1","text":"#ffffff","background":"#86614d","secondary_background":"#f3eeea","button":"#ffffff","button_label":"#000000","secondary_button":"#ffffff","secondary_button_border":"#e6e6e6","secondary_button_label":"#000000","button_hover":"#000000","button_label_hover":"#ffffff","form_field":"#ffffff","form_field_label":"#000000","product_price_sale":"#d63a2f"}},"scheme-7":{"settings":{"primary_accent":"#d63a2f","border":"#e6e6e6","text":"#000000","background":"#ffffff","secondary_background":"#f8f8f8","button":"#000000","button_label":"#ffffff","secondary_button":"#ffffff","secondary_button_border":"#ffffff","secondary_button_label":"#000000","button_hover":"#000000","button_label_hover":"#ffffff","form_field":"#f5f5f5","form_field_label":"#000000","product_price_sale":"#d63a2f"}},"scheme-8":{"settings":{"primary_accent":"#d63a2f","border":"#ffffff","text":"#000000","background":"#f8f4f1","secondary_background":"#f7f7f7","button":"#000000","button_label":"#ffffff","secondary_button":"#e9e9e9","secondary_button_border":"#e9e9e9","secondary_button_label":"#000000","button_hover":"#000000","button_label_hover":"#ffffff","form_field":"#ffffff","form_field_label":"#000000","product_price_sale":"#d63a2f"}},"scheme-9":{"settings":{"primary_accent":"#d63a2f","border":"#e6e6e6","text":"#000000","background":"#ffffff","secondary_background":"#f5f5f5","button":"#000000","button_label":"#ffffff","secondary_button":"#ffffff","secondary_button_border":"#cccccc","secondary_button_label":"#000000","button_hover":"#000000","button_label_hover":"#ffffff","form_field":"#f5f5f5","form_field_label":"#000000","product_price_sale":"#d63a2f"}},"scheme-10":{"settings":{"primary_accent":"#d63a2f","border":"#e6e6e6","text":"#000000","background":"#f8f4f1","secondary_background":"#f7f7f7","button":"#000000","button_label":"#ffffff","secondary_button":"#e9e9e9","secondary_button_border":"#e9e9e9","secondary_button_label":"#000000","button_hover":"#000000","button_label_hover":"#ffffff","form_field":"#f5f5f5","form_field_label":"#000000","product_price_sale":"#d63a2f"}},"scheme-11":{"settings":{"primary_accent":"#d63a2f","border":"#ffffff","text":"#000000","background":"#f3eeea","secondary_background":"#f7f7f7","button":"#000000","button_label":"#ffffff","secondary_button":"#e9e9e9","secondary_button_border":"#e9e9e9","secondary_button_label":"#000000","button_hover":"#000000","button_label_hover":"#ffffff","form_field":"#ffffff","form_field_label":"#000000","product_price_sale":"#d63a2f"}}}},"presets":{"Glossy":{"logo_width":110,"logo_width_mobile":90,"type_body_font":"dm_sans_n4","body_font_weight_bolder":"500","body_font_size":16,"type_header_font":"dm_sans_n5","heading_scale":100,"heading_letter_spacing":-4,"subheading_font":"body","subheading_font_weight":"500","subheading_letter_spacing":0,"subheading_transform":"capitalize","pcard_title_scale":112,"pcard_title_font":"heading","pcard_title_font_weight":"500","navigation_font_weight":"500","navigation_uppercase":false,"buttons_font":"heading","buttons_font_weight":"500","buttons_letter_spacing":0,"buttons_transform":"capitalize","page_width":1410,"section_header_alignment":"center","buttons_corner_radius":"round","inputs_corner_radius":"round","blocks_corner_radius":"round","pcard_corner_radius":"round","badges_corner_radius":"slightly","pcard_style":"card","pcard_color_scheme":"scheme-10","pcard_show_vendor":false,"pcard_show_type":true,"pcard_enable_color_swatches":false,"pcard_show_sale_badge":true,"pcard_sale_badge_type":"show_percentage","collection_card_color_scheme":"scheme-1","collection_card_style":"style-1","cart_type":"drawer","free_shipping_minimum_amount":"200","social_facebook_link":"#","social_instagram_link":"#","social_youtube_link":"#","social_tiktok_link":"#","social_twitter_link":"#","social_snapchat_link":"","social_pinterest_link":"#","social_tumblr_link":"","social_vimeo_link":"","predictive_search_enabled":true,"predictive_search_show_vendor":false,"predictive_search_show_price":false,"currency_code_enabled":false,"buttons_uppercase":false,"blog_card_style":"standard","blog_card_text_alignment":"left","blog_card_color_scheme":"scheme-2","show_vendor":false,"show_cart_note":false,"cart_drawer_collection":"","sections":{"main-password-header":{"type":"main-password-header","settings":{}},"main-password-footer":{"type":"main-password-footer","settings":{"color_scheme":"scheme-1"}},"sticky-atc-bar":{"type":"sticky-atc-bar","settings":{"container":"full","visibility":"all","show_atc_button":true,"show_dynamic_checkout_buttons":false,"show_quantity":true}}},"content_for_index":[],"blocks":{},"color_schemes":{"scheme-1":{"settings":{"primary_accent":"#d63a2f","border":"#e6e6e6","text":"#000000","background":"#ffffff","secondary_background":"#f7f7f7","button":"#000000","button_label":"#ffffff","secondary_button":"#e9e9e9","secondary_button_border":"#e9e9e9","secondary_button_label":"#000000","button_hover":"#000000","button_label_hover":"#ffffff","form_field":"#f5f5f5","form_field_label":"#000000","product_price_sale":"#d63a2f"}},"scheme-2":{"settings":{"primary_accent":"#d63a2f","border":"#c6bfb1","text":"#000000","background":"#f3eeea","secondary_background":"#f3eeea","button":"#000000","button_label":"#ffffff","secondary_button":"#ffffff","secondary_button_border":"#e6e6e6","secondary_button_label":"#000000","button_hover":"#000000","button_label_hover":"#ffffff","form_field":"#ffffff","form_field_label":"#000000","product_price_sale":"#d63a2f"}},"scheme-3":{"settings":{"primary_accent":"#d63a2f","border":"#f7f7f7","text":"#000000","background":"#f5f5f5","secondary_background":"#f7f7f7","button":"#e9e9e9","button_label":"#000000","secondary_button":"#000000","secondary_button_border":"#000000","secondary_button_label":"#ffffff","button_hover":"#000000","button_label_hover":"#ffffff","form_field":"#ffffff","form_field_label":"#000000","product_price_sale":"#d63a2f"}},"scheme-4":{"settings":{"primary_accent":"#d63a2f","border":"#e6e6e6","text":"#000000","background":"#e8dcd0","secondary_background":"#f7f7f7","button":"#000000","button_label":"#ffffff","secondary_button":"#e9e9e9","secondary_button_border":"#e9e9e9","secondary_button_label":"#000000","button_hover":"#000000","button_label_hover":"#ffffff","form_field":"#f5f5f5","form_field_label":"#000000","product_price_sale":"#d63a2f"}},"scheme-inverse":{"settings":{"primary_accent":"#d63a2f","border":"#ffffff","text":"#ffffff","background":"#000000","secondary_background":"#000000","button":"#ffffff","button_label":"#000000","secondary_button":"#ffffff","secondary_button_border":"#e6e6e6","secondary_button_label":"#000000","button_hover":"#000000","button_label_hover":"#ffffff","form_field":"#ffffff","form_field_label":"#000000","product_price_sale":"#d63a2f"}},"scheme-6":{"settings":{"primary_accent":"#d63a2f","border":"#c6bfb1","text":"#000000","background":"#f4e4e3","secondary_background":"#f3eeea","button":"#000000","button_label":"#ffffff","secondary_button":"#ffffff","secondary_button_border":"#e6e6e6","secondary_button_label":"#000000","button_hover":"#000000","button_label_hover":"#ffffff","form_field":"#ffffff","form_field_label":"#000000","product_price_sale":"#d63a2f"}},"scheme-7":{"settings":{"primary_accent":"#d63a2f","border":"#e6e6e6","text":"#000000","background":"#ffffff","secondary_background":"#e9e9e9","button":"#000000","button_label":"#ffffff","secondary_button":"#e9e9e9","secondary_button_border":"#e9e9e9","secondary_button_label":"#000000","button_hover":"#000000","button_label_hover":"#ffffff","form_field":"#f5f5f5","form_field_label":"#000000","product_price_sale":"#d63a2f"}},"scheme-8":{"settings":{"primary_accent":"#d63a2f","border":"#e6e6e6","text":"#000000","background":"#efded9","secondary_background":"#f7f7f7","button":"#000000","button_label":"#ffffff","secondary_button":"#e9e9e9","secondary_button_border":"#e9e9e9","secondary_button_label":"#000000","button_hover":"#000000","button_label_hover":"#ffffff","form_field":"#f5f5f5","form_field_label":"#000000","product_price_sale":"#d63a2f"}},"scheme-9":{"settings":{"primary_accent":"#d63a2f","border":"#e6e6e6","text":"#000000","background":"#ffffff","secondary_background":"#f5f5f5","button":"#000000","button_label":"#ffffff","secondary_button":"#ffffff","secondary_button_border":"#cccccc","secondary_button_label":"#000000","button_hover":"#000000","button_label_hover":"#ffffff","form_field":"#f5f5f5","form_field_label":"#000000","product_price_sale":"#d63a2f"}},"scheme-10":{"settings":{"primary_accent":"#d63a2f","border":"#e6e6e6","text":"#000000","background":"#f6f6f6","secondary_background":"#f7f7f7","button":"#000000","button_label":"#ffffff","secondary_button":"#e9e9e9","secondary_button_border":"#e9e9e9","secondary_button_label":"#000000","button_hover":"#000000","button_label_hover":"#ffffff","form_field":"#f5f5f5","form_field_label":"#000000","product_price_sale":"#d63a2f"}},"scheme-11":{"settings":{"primary_accent":"#d63a2f","border":"#ffffff","text":"#000000","background":"#f3eeea","secondary_background":"#f7f7f7","button":"#000000","button_label":"#ffffff","secondary_button":"#e9e9e9","secondary_button_border":"#e9e9e9","secondary_button_label":"#000000","button_hover":"#000000","button_label_hover":"#ffffff","form_field":"#ffffff","form_field_label":"#000000","product_price_sale":"#d63a2f"}}}},"Wildpeak":{"logo_width":140,"logo_width_mobile":100,"color_badge_sale":"#c6512c","color_badge_hot":"#000000","color_badge_new":"#67785d","color_badge_soldout":"#a5a4ab","type_body_font":"dm_sans_n4","body_font_weight_bolder":"700","body_font_size":15,"type_header_font":"fraunces_n4","heading_scale":100,"heading_mobile_scale":80,"display_heading_size":60,"display_heading_uppercase":false,"subheading_scale":100,"subheading_font":"body","subheading_font_weight":"500","subheading_letter_spacing":5,"subheading_transform":"uppercase","pcard_title_scale":106,"pcard_title_font":"body","pcard_title_font_weight":"500","pcard_title_uppercase":false,"navigation_font_weight":"500","navigation_uppercase":true,"buttons_font":"body","buttons_font_weight":"500","buttons_letter_spacing":5,"buttons_transform":"uppercase","page_width":1410,"section_header_alignment":"center","section_header_alignment_mobile":"inherit","buttons_corner_radius":"slightly","inputs_corner_radius":"slightly","blocks_corner_radius":"slightly","pcard_corner_radius":"slightly","badges_corner_radius":"slightly","pcard_style":"standard","pcard_color_scheme":"scheme-1","pcard_show_vendor":false,"pcard_show_type":false,"pcard_enable_color_swatches":true,"pcard_maximum_swatches_to_show":3,"pcard_show_sale_badge":true,"pcard_sale_badge_type":"show_percentage","collection_card_color_scheme":"scheme-1","collection_card_style":"style-1","collection_card_show_product_count":false,"cart_type":"drawer","cart_icon":"shopping-bag","free_shipping_minimum_amount":"500","cart_empty_message":"<p>Not sure where to start? <br\/>Try these collections:<\/p>","social_facebook_link":"#","social_instagram_link":"#","social_youtube_link":"#","social_tiktok_link":"#","social_twitter_link":"#","social_snapchat_link":"","social_pinterest_link":"#","social_tumblr_link":"","social_vimeo_link":"","predictive_search_enabled":true,"predictive_search_show_vendor":false,"predictive_search_show_price":true,"currency_code_enabled":false,"buttons_uppercase":false,"blog_card_style":"standard","blog_card_text_alignment":"left","blog_card_color_scheme":"scheme-2","show_cart_note":false,"cart_drawer_collection":"","sections":{"main-password-header":{"type":"main-password-header","settings":{}},"main-password-footer":{"type":"main-password-footer","settings":{"color_scheme":"scheme-1"}}},"content_for_index":[],"color_schemes":{"scheme-1":{"settings":{"primary_accent":"#d63a2f","border":"#e6e6e6","text":"#000000","background":"#ffffff","secondary_background":"#f7f7f7","button":"#000000","button_label":"#ffffff","secondary_button":"#e9e9e9","secondary_button_border":"#e9e9e9","secondary_button_label":"#000000","button_hover":"#000000","button_label_hover":"#ffffff","form_field":"#f5f5f5","form_field_label":"#000000","product_price_sale":"#d63a2f"}},"scheme-2":{"settings":{"primary_accent":"#d63a2f","border":"#c6bfb1","text":"#000000","background":"#f3f0ec","secondary_background":"#f3f0ec","button":"#000000","button_label":"#ffffff","secondary_button":"#ffffff","secondary_button_border":"#e6e6e6","secondary_button_label":"#000000","button_hover":"#000000","button_label_hover":"#ffffff","form_field":"#ffffff","form_field_label":"#000000","product_price_sale":"#d63a2f"}},"scheme-3":{"settings":{"primary_accent":"#d63a2f","border":"#e6e6e6","text":"#000000","background":"#f0eae3","secondary_background":"#f7f7f7","button":"#e9e9e9","button_label":"#000000","secondary_button":"#000000","secondary_button_border":"#000000","secondary_button_label":"#ffffff","button_hover":"#000000","button_label_hover":"#ffffff","form_field":"#ffffff","form_field_label":"#000000","product_price_sale":"#d63a2f"}},"scheme-4":{"settings":{"primary_accent":"#d63a2f","border":"#c0bbb6","text":"#000000","background":"#ede8e2","secondary_background":"#f7f7f7","button":"#000000","button_label":"#ffffff","secondary_button":"#e9e9e9","secondary_button_border":"#e9e9e9","secondary_button_label":"#000000","button_hover":"#000000","button_label_hover":"#ffffff","form_field":"#ffffff","form_field_label":"#000000","product_price_sale":"#d63a2f"}},"scheme-inverse":{"settings":{"primary_accent":"#d63a2f","border":"#ffffff","text":"#ffffff","background":"#000000","secondary_background":"#000000","button":"#ffffff","button_label":"#000000","secondary_button":"#ffffff","secondary_button_border":"#e6e6e6","secondary_button_label":"#000000","button_hover":"#000000","button_label_hover":"#ffffff","form_field":"#ffffff","form_field_label":"#000000","product_price_sale":"#d63a2f"}},"scheme-6":{"settings":{"primary_accent":"#d63a2f","border":"#c6bfb1","text":"#ffffff","background":"#86614d","secondary_background":"#f3eeea","button":"#ffffff","button_label":"#000000","secondary_button":"#ffffff","secondary_button_border":"#e6e6e6","secondary_button_label":"#000000","button_hover":"#000000","button_label_hover":"#ffffff","form_field":"#ffffff","form_field_label":"#000000","product_price_sale":"#d63a2f"}},"scheme-7":{"settings":{"primary_accent":"#d63a2f","border":"#e6e6e6","text":"#000000","background":"#ffffff","secondary_background":"#f8f8f8","button":"#000000","button_label":"#ffffff","secondary_button":"#ffffff","secondary_button_border":"#ffffff","secondary_button_label":"#000000","button_hover":"#000000","button_label_hover":"#ffffff","form_field":"#f5f5f5","form_field_label":"#000000","product_price_sale":"#d63a2f"}},"scheme-8":{"settings":{"primary_accent":"#d63a2f","border":"#ffffff","text":"#000000","background":"#f8f4f1","secondary_background":"#f7f7f7","button":"#000000","button_label":"#ffffff","secondary_button":"#e9e9e9","secondary_button_border":"#e9e9e9","secondary_button_label":"#000000","button_hover":"#000000","button_label_hover":"#ffffff","form_field":"#ffffff","form_field_label":"#000000","product_price_sale":"#d63a2f"}},"scheme-9":{"settings":{"primary_accent":"#d63a2f","border":"#e6e6e6","text":"#000000","background":"#ffffff","secondary_background":"#f5f5f5","button":"#000000","button_label":"#ffffff","secondary_button":"#ffffff","secondary_button_border":"#cccccc","secondary_button_label":"#000000","button_hover":"#000000","button_label_hover":"#ffffff","form_field":"#f5f5f5","form_field_label":"#000000","product_price_sale":"#d63a2f"}},"scheme-10":{"settings":{"primary_accent":"#d63a2f","border":"#e6e6e6","text":"#000000","background":"#f8f4f1","secondary_background":"#f7f7f7","button":"#000000","button_label":"#ffffff","secondary_button":"#e9e9e9","secondary_button_border":"#e9e9e9","secondary_button_label":"#000000","button_hover":"#000000","button_label_hover":"#ffffff","form_field":"#f5f5f5","form_field_label":"#000000","product_price_sale":"#d63a2f"}},"scheme-11":{"settings":{"primary_accent":"#d63a2f","border":"#ffffff","text":"#000000","background":"#f3eeea","secondary_background":"#f7f7f7","button":"#000000","button_label":"#ffffff","secondary_button":"#e9e9e9","secondary_button_border":"#e9e9e9","secondary_button_label":"#000000","button_hover":"#000000","button_label_hover":"#ffffff","form_field":"#ffffff","form_field_label":"#000000","product_price_sale":"#d63a2f"}}}},"Jumped":{"logo_width":175,"logo_width_mobile":125,"color_badge_sale":"#ffcfa2","color_badge_sale_text":"#000000","color_badge_hot":"#c5f3ed","color_badge_hot_text":"#000000","color_badge_new":"#fff59d","color_badge_new_text":"#000000","color_cart_bubble":"#000000","type_body_font":"archivo_n4","body_font_weight_bolder":"700","body_font_size":15,"type_header_font":"montserrat_i8","heading_scale":100,"heading_letter_spacing":-3,"heading_uppercase":true,"display_heading_size":72,"display_heading_uppercase":true,"subheading_scale":120,"subheading_font":"heading","subheading_font_weight":"800","subheading_letter_spacing":0,"subheading_transform":"uppercase","pcard_title_scale":100,"pcard_title_font":"body","pcard_title_font_weight":"700","navigation_font":"body","navigation_font_weight":"700","navigation_uppercase":true,"buttons_font":"body","buttons_font_weight":"700","buttons_letter_spacing":10,"buttons_transform":"uppercase","page_width":1410,"section_header_alignment":"center","buttons_corner_radius":"round","inputs_corner_radius":"round","blocks_corner_radius":"slightly","pcard_corner_radius":"slightly","badges_corner_radius":"square","pcard_style":"standard","pcard_content_alignment":"left","pcard_color_scheme":"scheme-10","pcard_image_ratio":"1\/1","pcard_show_vendor":false,"pcard_show_type":false,"pcard_button_style":"btn--primary","quickview_button_style":"btn--primary","pcard_enable_color_swatches":true,"pcard_show_sale_badge":true,"pcard_sale_badge_type":"show_percentage","collection_card_color_scheme":"scheme-1","collection_card_style":"style-1","color_swatch_trigger":"Color","cart_type":"drawer","cart_icon":"shopping-bag","free_shipping_minimum_amount":"100","predictive_search_enabled":true,"predictive_search_show_vendor":false,"predictive_search_show_price":false,"currency_code_enabled":false,"buttons_uppercase":false,"blog_card_style":"standard","blog_card_text_alignment":"left","blog_card_color_scheme":"scheme-2","show_cart_note":false,"cart_drawer_collection":"","sections":{"main-password-header":{"type":"main-password-header","settings":{}},"main-password-footer":{"type":"main-password-footer","settings":{"color_scheme":"scheme-1"}}},"content_for_index":[],"color_schemes":{"scheme-1":{"settings":{"primary_accent":"#cdff9a","border":"#e6e6e6","text":"#000000","background":"#ffffff","secondary_background":"#f7f7f7","button":"#cdff9a","button_label":"#000000","secondary_button":"#e9e9e9","secondary_button_border":"#e9e9e9","secondary_button_label":"#000000","button_hover":"#cdff9a","button_label_hover":"#000000","form_field":"#f5f5f5","form_field_label":"#000000","product_price_sale":"#000000"}},"scheme-2":{"settings":{"primary_accent":"#cdff9a","border":"#dcdad7","text":"#000000","background":"#f4f2ef","secondary_background":"#f4f2ef","button":"#cdff9a","button_label":"#000000","secondary_button":"#ffffff","secondary_button_border":"#e6e6e6","secondary_button_label":"#000000","button_hover":"#cdff9a","button_label_hover":"#000000","form_field":"#ffffff","form_field_label":"#000000","product_price_sale":"#000000"}},"scheme-3":{"settings":{"primary_accent":"#ffffff","border":"#ffffff","text":"#000000","background":"#cdff9a","secondary_background":"#cdff9a","button":"#000000","button_label":"#ffffff","secondary_button":"#000000","secondary_button_border":"#000000","secondary_button_label":"#ffffff","button_hover":"#000000","button_label_hover":"#ffffff","form_field":"#ffffff","form_field_label":"#000000","product_price_sale":"#000000"}},"scheme-4":{"settings":{"primary_accent":"#cdff9a","border":"#203d43","text":"#cdff9a","background":"#07272e","secondary_background":"#07272e","button":"#cdff9a","button_label":"#000000","secondary_button":"#203d43","secondary_button_border":"#203d43","secondary_button_label":"#ffffff","button_hover":"#cdff9a","button_label_hover":"#000000","form_field":"#203d43","form_field_label":"#ffffff","product_price_sale":"#ffffff"}},"scheme-inverse":{"settings":{"primary_accent":"#cdff9a","border":"#203d43","text":"#ffffff","background":"#07272e","secondary_background":"#07272e","button":"#cdff9a","button_label":"#000000","secondary_button":"#203d43","secondary_button_border":"#203d43","secondary_button_label":"#ffffff","button_hover":"#cdff9a","button_label_hover":"#000000","form_field":"#203d43","form_field_label":"#ffffff","product_price_sale":"#ffffff"}},"scheme-6":{"settings":{"primary_accent":"#cdff9a","border":"#e6e6e6","text":"#c3d0cd","background":"#ffffff","secondary_background":"#f7f7f7","button":"#cdff9a","button_label":"#000000","secondary_button":"#e9e9e9","secondary_button_border":"#e9e9e9","secondary_button_label":"#000000","button_hover":"#cdff9a","button_label_hover":"#000000","form_field":"#f5f5f5","form_field_label":"#000000","product_price_sale":"#000000"}},"scheme-7":{"settings":{"primary_accent":"#cdff9a","border":"#ffffff","text":"#000000","background":"#ffffff","secondary_background":"#f7f7f7","button":"#cdff9a","button_label":"#000000","secondary_button":"#e9e9e9","secondary_button_border":"#e9e9e9","secondary_button_label":"#000000","button_hover":"#cdff9a","button_label_hover":"#000000","form_field":"#f5f5f5","form_field_label":"#000000","product_price_sale":"#000000"}},"scheme-8":{"settings":{"primary_accent":"#000000","border":"#e6e6e6","text":"#000000","background":"#fff59d","secondary_background":"#fff59d","button":"#000000","button_label":"#ffffff","secondary_button":"#e9e9e9","secondary_button_border":"#e9e9e9","secondary_button_label":"#000000","button_hover":"#000000","button_label_hover":"#ffffff","form_field":"#f5f5f5","form_field_label":"#000000","product_price_sale":"#000000"}},"scheme-9":{"settings":{"primary_accent":"#cdff9a","border":"#e6e6e6","text":"#000000","background":"#ffffff","secondary_background":"#f5f5f5","button":"#cdff9a","button_label":"#000000","secondary_button":"#ffffff","secondary_button_border":"#cccccc","secondary_button_label":"#000000","button_hover":"#cdff9a","button_label_hover":"#000000","form_field":"#f5f5f5","form_field_label":"#000000","product_price_sale":"#000000"}},"scheme-10":{"settings":{"primary_accent":"#cdff9a","border":"#f5f5f5","text":"#000000","background":"#f5f5f5","secondary_background":"#f7f7f7","button":"#000000","button_label":"#ffffff","secondary_button":"#000000","secondary_button_border":"#000000","secondary_button_label":"#ffffff","button_hover":"#000000","button_label_hover":"#ffffff","form_field":"#f5f5f5","form_field_label":"#000000","product_price_sale":"#000000"}},"scheme-11":{"settings":{"primary_accent":"#cdff9a","border":"#ffffff","text":"#000000","background":"#f3eeea","secondary_background":"#f7f7f7","button":"#cdff9a","button_label":"#000000","secondary_button":"#e9e9e9","secondary_button_border":"#e9e9e9","secondary_button_label":"#000000","button_hover":"#cdff9a","button_label_hover":"#000000","form_field":"#ffffff","form_field_label":"#000000","product_price_sale":"#000000"}}}},"Inove":{"logo_width":100,"logo_width_mobile":80,"color_badge_sale":"#a42003","color_badge_hot":"#000000","color_badge_new":"#054e4a","color_badge_soldout":"#a5a4ab","color_cart_bubble":"#000000","type_body_font":"dm_sans_n4","body_font_weight_bolder":"700","body_font_size":15,"type_header_font":"playfair_display_n4","heading_scale":100,"display_heading_size":70,"display_heading_uppercase":false,"subheading_scale":100,"subheading_font":"body","subheading_font_weight":"500","subheading_letter_spacing":0,"subheading_transform":"uppercase","pcard_title_scale":110,"pcard_title_font":"body","pcard_title_font_weight":"500","pcard_title_uppercase":false,"navigation_font":"body","navigation_font_weight":"500","navigation_uppercase":true,"buttons_font":"body","buttons_font_weight":"500","buttons_letter_spacing":0,"buttons_transform":"uppercase","page_width":1410,"section_header_alignment":"center","buttons_corner_radius":"square","inputs_corner_radius":"square","blocks_corner_radius":"square","pcard_corner_radius":"square","badges_corner_radius":"square","pcard_style":"standard","pcard_color_scheme":"scheme-1","pcard_image_ratio":"3\/4","pcard_show_second_img":false,"pcard_show_vendor":false,"pcard_show_type":true,"pcard_enable_color_swatches":false,"pcard_show_sale_badge":true,"pcard_sale_badge_type":"show_percentage","collection_card_color_scheme":"scheme-1","collection_card_style":"style-1","collection_card_show_product_count":true,"blog_cards_image_ratio":"adapt","cart_type":"drawer","free_shipping_minimum_amount":"800","social_facebook_link":"https:\/\/www.facebook.com\/","social_instagram_link":"https:\/\/www.instagram.com\/","social_youtube_link":"https:\/\/www.youtube.com\/","social_tiktok_link":"https:\/\/www.tiktok.com\/","social_twitter_link":"https:\/\/x.com\/","social_snapchat_link":"","social_pinterest_link":"","social_tumblr_link":"","social_vimeo_link":"https:\/\/vimeo.com\/","predictive_search_enabled":true,"predictive_search_show_vendor":false,"predictive_search_show_price":false,"currency_code_enabled":false,"buttons_uppercase":false,"blog_card_style":"standard","blog_card_text_alignment":"left","blog_card_color_scheme":"scheme-2","show_cart_note":false,"cart_drawer_collection":"","sections":{"main-password-header":{"type":"main-password-header","settings":{}},"main-password-footer":{"type":"main-password-footer","settings":{"color_scheme":"scheme-1"}}},"content_for_index":[],"blocks":{},"color_schemes":{"scheme-1":{"settings":{"primary_accent":"#d63a2f","border":"#ededed","text":"#000000","background":"#ffffff","secondary_background":"#f6f2ee","button":"#000000","button_label":"#ffffff","secondary_button":"#ffffff","secondary_button_border":"#c5c2be","secondary_button_label":"#000000","button_hover":"#000000","button_label_hover":"#ffffff","form_field":"#f5f5f5","form_field_label":"#000000","product_price_sale":"#d63a2f"}},"scheme-2":{"settings":{"primary_accent":"#d63a2f","border":"#c6bfb1","text":"#ffffff","background":"#6e331a","secondary_background":"#6e331a","button":"#f6f2ee","button_label":"#000000","secondary_button":"#6e331a","secondary_button_border":"#8b5c48","secondary_button_label":"#ffffff","button_hover":"#f6f2ee","button_label_hover":"#000000","form_field":"#ffffff","form_field_label":"#000000","product_price_sale":"#d63a2f"}},"scheme-3":{"settings":{"primary_accent":"#d63a2f","border":"#e6e6e6","text":"#000000","background":"#f6f2ee","secondary_background":"#f6f2ee","button":"#000000","button_label":"#ffffff","secondary_button":"#f6f2ee","secondary_button_border":"#d1ceca","secondary_button_label":"#000000","button_hover":"#000000","button_label_hover":"#ffffff","form_field":"#ffffff","form_field_label":"#000000","product_price_sale":"#d63a2f"}},"scheme-4":{"settings":{"primary_accent":"#d63a2f","border":"#f7f7f7","text":"#000000","background":"#f5f5f5","secondary_background":"#e6e6e6","button":"#ffffff","button_label":"#000000","secondary_button":"#000000","secondary_button_border":"#000000","secondary_button_label":"#ffffff","button_hover":"#000000","button_label_hover":"#ffffff","form_field":"#ffffff","form_field_label":"#000000","product_price_sale":"#d63a2f"}},"scheme-inverse":{"settings":{"primary_accent":"#d63a2f","border":"#ffffff","text":"#ffffff","background":"#000000","secondary_background":"#000000","button":"#ffffff","button_label":"#000000","secondary_button":"#000000","secondary_button_border":"#ffffff","secondary_button_label":"#ffffff","button_hover":"#ffffff","button_label_hover":"#000000","form_field":"#ffffff","form_field_label":"#000000","product_price_sale":"#d63a2f"}},"scheme-6":{"settings":{"primary_accent":"#d63a2f","border":"#f6f2ee","text":"#ffffff","background":"#582c19","secondary_background":"#582c19","button":"#f6f2ee","button_label":"#000000","secondary_button":"#582c19","secondary_button_border":"#ffffff","secondary_button_label":"#ffffff","button_hover":"#000000","button_label_hover":"#ffffff","form_field":"#ffffff","form_field_label":"#000000","product_price_sale":"#d63a2f"}},"scheme-7":{"settings":{"primary_accent":"#e7ffa1","border":"#e6e6e6","text":"#ffffff","background":"#000000","secondary_background":"#000000","button":"#ffffff","button_label":"#000000","secondary_button":"#000000","secondary_button_border":"#ffffff","secondary_button_label":"#ffffff","button_hover":"#ffffff","button_label_hover":"#000000","form_field":"#ffffff","form_field_label":"#000000","product_price_sale":"#d63a2f"}},"scheme-8":{"settings":{"primary_accent":"#d63a2f","border":"#e6e6e6","text":"#000000","background":"#ffffff","secondary_background":"#ffffff","button":"#000000","button_label":"#ffffff","secondary_button":"#ffffff","secondary_button_border":"#ffffff","secondary_button_label":"#ffffff","button_hover":"#ffffff","button_label_hover":"#000000","form_field":"#f5f5f5","form_field_label":"#000000","product_price_sale":"#d63a2f"}},"scheme-9":{"settings":{"primary_accent":"#d63a2f","border":"#ededed","text":"#000000","background":"#ffffff","secondary_background":"#f5f5f5","button":"#000000","button_label":"#ffffff","secondary_button":"#ffffff","secondary_button_border":"#cccccc","secondary_button_label":"#000000","button_hover":"#000000","button_label_hover":"#ffffff","form_field":"#f5f5f5","form_field_label":"#000000","product_price_sale":"#d63a2f"}},"scheme-10":{"settings":{"primary_accent":"#ffffff","border":"#e6e6e6","text":"#ffffff","background":"#000000","secondary_background":"#000000","button":"#ffffff","button_label":"#000000","secondary_button":"#000000","secondary_button_border":"#ffffff","secondary_button_label":"#ffffff","button_hover":"#000000","button_label_hover":"#ffffff","form_field":"#f5f5f5","form_field_label":"#000000","product_price_sale":"#d63a2f"}},"scheme-11":{"settings":{"primary_accent":"#d63a2f","border":"#ffffff","text":"#000000","background":"#f3eeea","secondary_background":"#f7f7f7","button":"#000000","button_label":"#ffffff","secondary_button":"#e9e9e9","secondary_button_border":"#e9e9e9","secondary_button_label":"#000000","button_hover":"#000000","button_label_hover":"#ffffff","form_field":"#ffffff","form_field_label":"#000000","product_price_sale":"#d63a2f"}}}},"Refrakt":{"logo_width":180,"logo_width_mobile":140,"color_badge_hot":"#000000","color_badge_new":"#417365","color_cart_bubble":"#000000","type_body_font":"archivo_n4","body_font_weight_bolder":"500","body_font_size":15,"type_header_font":"archivo_n5","heading_scale":100,"subheading_scale":120,"subheading_font":"body","subheading_font_weight":"500","subheading_letter_spacing":0,"subheading_transform":"none","pcard_title_scale":106,"pcard_title_font":"heading","pcard_title_font_weight":"500","navigation_font_weight":"500","navigation_uppercase":false,"buttons_font":"body","buttons_font_weight":"500","buttons_letter_spacing":0,"buttons_transform":"capitalize","page_width":1410,"section_header_alignment":"center","buttons_corner_radius":"soft-pill","inputs_corner_radius":"soft-pill","blocks_corner_radius":"slightly","pcard_corner_radius":"slightly","badges_corner_radius":"slightly","pcard_style":"standard","pcard_color_scheme":"scheme-10","pcard_image_ratio":"3\/4","pcard_show_vendor":false,"pcard_show_type":false,"pcard_overlay_color_scheme":"scheme-4","pcard_button_style":"btn--primary","quickview_button_style":"btn--secondary","pcard_enable_color_swatches":false,"pcard_show_sale_badge":true,"pcard_sale_badge_type":"show_percentage","collection_card_color_scheme":"scheme-1","collection_card_style":"standard","cart_type":"drawer","free_shipping_minimum_amount":"500","social_facebook_link":"https:\/\/facebook.com\/shopify","social_instagram_link":"https:\/\/instagram.com\/shopify","social_youtube_link":"https:\/\/youtube.com\/shopify","social_tiktok_link":"https:\/\/tiktok.com\/shopify","social_twitter_link":"https:\/\/twitter.com\/shopify","social_snapchat_link":"","social_pinterest_link":"https:\/\/pinterest.com\/shopify","social_tumblr_link":"","social_vimeo_link":"","predictive_search_enabled":true,"predictive_search_show_vendor":false,"predictive_search_show_price":false,"currency_code_enabled":false,"buttons_uppercase":false,"blog_card_style":"standard","blog_card_text_alignment":"left","blog_card_color_scheme":"scheme-2","show_cart_note":false,"cart_drawer_collection":"","sections":{"main-password-header":{"type":"main-password-header","settings":{}},"main-password-footer":{"type":"main-password-footer","settings":{"color_scheme":"scheme-1"}}},"content_for_index":[],"color_schemes":{"scheme-1":{"settings":{"primary_accent":"#559b60","border":"#deddda","text":"#000000","background":"#f7f6f2","secondary_background":"#ece8db","button":"#000000","button_label":"#ffffff","secondary_button":"#ffffff","secondary_button_border":"#ffffff","secondary_button_label":"#000000","button_hover":"#000000","button_label_hover":"#ffffff","form_field":"#ffffff","form_field_label":"#000000","product_price_sale":"#d63a2f"}},"scheme-2":{"settings":{"primary_accent":"#d63a2f","border":"#c6bfb1","text":"#ffffff","background":"#17431f","secondary_background":"#f3eeea","button":"#ffffff","button_label":"#000000","secondary_button":"#ffffff","secondary_button_border":"#e6e6e6","secondary_button_label":"#000000","button_hover":"#000000","button_label_hover":"#ffffff","form_field":"#ffffff","form_field_label":"#000000","product_price_sale":"#ffffff"}},"scheme-3":{"settings":{"primary_accent":"#559b60","border":"#e6e6e6","text":"#000000","background":"#ece8db","secondary_background":"#ffffff","button":"#000000","button_label":"#ffffff","secondary_button":"#ffffff","secondary_button_border":"#ffffff","secondary_button_label":"#000000","button_hover":"#000000","button_label_hover":"#ffffff","form_field":"#ffffff","form_field_label":"#000000","product_price_sale":"#d63a2f"}},"scheme-4":{"settings":{"primary_accent":"#559b60","border":"#deddda","text":"#000000","background":"#f7f6f2","secondary_background":"#ece8db","button":"#000000","button_label":"#ffffff","secondary_button":"#ffffff","secondary_button_border":"#e5e5e5","secondary_button_label":"#000000","button_hover":"#000000","button_label_hover":"#ffffff","form_field":"#ffffff","form_field_label":"#000000","product_price_sale":"#d63a2f"}},"scheme-inverse":{"settings":{"primary_accent":"#d63a2f","border":"#ffffff","text":"#ffffff","background":"#000000","secondary_background":"#000000","button":"#ffffff","button_label":"#000000","secondary_button":"#ffffff","secondary_button_border":"#e6e6e6","secondary_button_label":"#000000","button_hover":"#000000","button_label_hover":"#ffffff","form_field":"#ffffff","form_field_label":"#000000","product_price_sale":"#d63a2f"}},"scheme-6":{"settings":{"primary_accent":"#d63a2f","border":"#e6e6e6","text":"#000000","background":"#ffffff","secondary_background":"#f3eeea","button":"#000000","button_label":"#ffffff","secondary_button":"#ffffff","secondary_button_border":"#e6e6e6","secondary_button_label":"#000000","button_hover":"#000000","button_label_hover":"#ffffff","form_field":"#ffffff","form_field_label":"#000000","product_price_sale":"#d63a2f"}},"scheme-7":{"settings":{"primary_accent":"#d63a2f","border":"#bdbaaf","text":"#000000","background":"#ece8db","secondary_background":"#e9e9e9","button":"#000000","button_label":"#ffffff","secondary_button":"#e9e9e9","secondary_button_border":"#c3c0b5","secondary_button_label":"#000000","button_hover":"#000000","button_label_hover":"#ffffff","form_field":"#f5f5f5","form_field_label":"#000000","product_price_sale":"#d63a2f"}},"scheme-8":{"settings":{"primary_accent":"#d63a2f","border":"#e6e6e6","text":"#000000","background":"#ffffff","secondary_background":"#f7f7f7","button":"#000000","button_label":"#ffffff","secondary_button":"#ffffff","secondary_button_border":"#e6e6e6","secondary_button_label":"#000000","button_hover":"#17431f","button_label_hover":"#ffffff","form_field":"#ffffff","form_field_label":"#000000","product_price_sale":"#d63a2f"}},"scheme-9":{"settings":{"primary_accent":"#559b60","border":"#deddda","text":"#000000","background":"#f7f6f2","secondary_background":"#ece8db","button":"#000000","button_label":"#ffffff","secondary_button":"#f7f6f2","secondary_button_border":"#c6c5c2","secondary_button_label":"#000000","button_hover":"#000000","button_label_hover":"#ffffff","form_field":"#ffffff","form_field_label":"#000000","product_price_sale":"#d63a2f"}},"scheme-10":{"settings":{"primary_accent":"#d63a2f","border":"#e6e6e6","text":"#000000","background":"#f6f6f6","secondary_background":"#f7f7f7","button":"#000000","button_label":"#ffffff","secondary_button":"#e9e9e9","secondary_button_border":"#e9e9e9","secondary_button_label":"#000000","button_hover":"#000000","button_label_hover":"#ffffff","form_field":"#f5f5f5","form_field_label":"#000000","product_price_sale":"#d63a2f"}},"scheme-11":{"settings":{"primary_accent":"#d63a2f","border":"#ffffff","text":"#000000","background":"#f3eeea","secondary_background":"#f7f7f7","button":"#000000","button_label":"#ffffff","secondary_button":"#e9e9e9","secondary_button_border":"#e9e9e9","secondary_button_label":"#000000","button_hover":"#000000","button_label_hover":"#ffffff","form_field":"#ffffff","form_field_label":"#000000","product_price_sale":"#d63a2f"}}}}}}