{"sections":{"main":{"type":"main-article","blocks":{"title":{"type":"title","settings":{"show_author":true,"show_blog":true}},"content":{"type":"content","settings":{}},"share":{"type":"share","settings":{"show_tags":true,"show_share":true}},"navigation_dyfBRC":{"type":"navigation","settings":{}}},"block_order":["title","content","share","navigation_dyfBRC"],"settings":{"image_height":"medium","show_related_posts":true,"column_gap":"extra-large","show_date":true,"show_excerpt":true,"show_button":true}}},"order":["main"]}