{
  "sections": {
    "main-cart": {
      "type": "main-cart",
      "blocks": {
        "free_shipping_goal_W8bXKE": {
          "type": "free_shipping_goal",
          "settings": {
          }
        },
        "cart_note_qpALBg": {
          "type": "cart_note",
          "settings": {
          }
        },
        "cart_shipping_rate_bnhQBk": {
          "type": "cart_shipping_rate",
          "settings": {
          }
        },
        "subtotal_LeUiVY": {
          "type": "subtotal",
          "settings": {
          }
        },
        "buttons_drwbch": {
          "type": "buttons",
          "settings": {
          }
        }
      },
      "block_order": [
        "free_shipping_goal_W8bXKE",
        "cart_note_qpALBg",
        "cart_shipping_rate_bnhQBk",
        "subtotal_LeUiVY",
        "buttons_drwbch"
      ],
      "settings": {
        "padding_top": 100,
        "padding_bottom": 100
      }
    },
    "featured_collection_Y4GDWA": {
      "type": "featured-collection",
      "settings": {
        "color_scheme": "",
        "header_layout": "vertical",
        "heading": "You may also like",
        "heading_size": "h1",
        "subheading": "",
        "description": "",
        "text_size": "text-base",
        "show_collection_description": false,
        "limit": 4,
        "columns": 4,
        "column_gap": "extra-small",
        "row_gap": "inherit",
        "enable_slider": true,
        "pcard_image_ratio": "",
        "columns_mobile": "1",
        "swipe_on_mobile": true,
        "show_all_button_on_top": false,
        "button_label": "",
        "button_style": "btn--primary",
        "padding_top": 0,
        "padding_bottom": 100,
        "show_section_divider": false,
        "divider_width": "fixed"
      }
    }
  },
  "order": [
    "main-cart",
    "featured_collection_Y4GDWA"
  ]
}
