{"sections":{"slideshow_q3U4Jn":{"type":"slideshow","blocks":{"slide_JhU8hg":{"type":"slide","settings":{"color_scheme":"scheme-1","image_overlay_opacity":0,"content_position":"middle-left","text_alignment":"center","title":"Image slide","heading_size":"hd1","subheading":"Add a tagline","description":"","description_size":"text-base","button_label":"Button label","button_link":"","button_style":"btn--primary"}},"slide_U9bPyj":{"type":"slide","settings":{"color_scheme":"scheme-1","image_overlay_opacity":0,"content_position":"middle-right","text_alignment":"center","title":"Image slide","heading_size":"hd1","subheading":"Add a tagline","description":"","description_size":"text-base","button_label":"Button label","button_link":"","button_style":"btn--primary"}},"slide_pEkPxY":{"type":"slide","settings":{"color_scheme":"scheme-1","image_overlay_opacity":0,"content_position":"middle-left","text_alignment":"center","title":"Image slide","heading_size":"hd1","subheading":"Add a tagline","description":"","description_size":"text-base","button_label":"Button label","button_link":"","button_style":"btn--primary"}}},"block_order":["slide_JhU8hg","slide_U9bPyj","slide_pEkPxY"],"settings":{"container":"full","layout":"centered","slide_height":"adapt","show_dots":true,"autoplay":true,"autoplay_delay":5,"controls_position":"below","show_text_below":true,"text_alignment_mobile":"center","accessibility_info":"Slideshow about our brand"}},"product_tabs_iJHLzK":{"type":"product-tabs","blocks":{"tab_Yz8Mnz":{"type":"tab","settings":{"title":"Tab name","collection":"frontpage"}},"tab_9cGBUe":{"type":"tab","settings":{"title":"Tab name","collection":""}},"tab_AfgNn8":{"type":"tab","settings":{"title":"Tab name","collection":""}}},"block_order":["tab_Yz8Mnz","tab_9cGBUe","tab_AfgNn8"],"settings":{"color_scheme":"","header_layout":"horizontal","heading":"","heading_size":"h1","heading_highlight_style":"none","limit":8,"columns":4,"column_gap":"extra-small","row_gap":"inherit","grid_layout":"standard","pcard_image_ratio":"","columns_mobile":"2","swipe_on_mobile":false,"show_all_button_on_top":true,"button_label":"Button label","button_link":"","button_style":"btn--underline","tabs_nav_style":"design-2","padding_top":100,"padding_bottom":0,"show_section_divider":false,"divider_width":"fixed"}},"highlight_text_with_image_9KLzcX":{"type":"highlight-text-with-image","blocks":{"image_URaWGC":{"type":"image","settings":{"image_link":"","image_width":220,"image_width_mobile":110}},"image_DyKWHM":{"type":"image","settings":{"image_link":"","image_width":220,"image_width_mobile":110}},"image_NGQQmW":{"type":"image","settings":{"image_link":"","image_width":220,"image_width_mobile":110}}},"block_order":["image_URaWGC","image_DyKWHM","image_NGQQmW"],"settings":{"color_scheme":"","text":"Highlight products, [img1] a collection, or [img2] images alongside a brand message [img3]","heading_size":"hd1","alignment":"center","padding_top":100,"padding_bottom":100,"show_section_divider":false,"divider_width":"fixed"}},"collection_list_Pr36qH":{"type":"collection-list","blocks":{"featured_collection_VHfaMD":{"type":"featured_collection","settings":{"collection":"","title":"","description":""}},"featured_collection_H3VHEr":{"type":"featured_collection","settings":{"collection":"","title":"","description":""}},"featured_collection_ytHAXL":{"type":"featured_collection","settings":{"collection":"","title":"","description":""}},"featured_collection_inyzwk":{"type":"featured_collection","settings":{"collection":"","title":"","description":""}}},"block_order":["featured_collection_VHfaMD","featured_collection_H3VHEr","featured_collection_ytHAXL","featured_collection_inyzwk"],"settings":{"color_scheme":"scheme-2","layout":"split","subheading":"Add a tagline","heading":"Collections","heading_size":"h1","heading_highlight_style":"none","description":"<p>This area is used to describe your collection's details.<\/p>","text_size":"text-base","card_color_inherited":false,"show_product_count":true,"show_icon":true,"card_style":"","card_image_ratio":"adapt","content_alignment":"left","columns_desktop":3,"column_gap":"medium","row_gap":"medium","enable_slider":true,"columns_mobile":"1","swipe_on_mobile":true,"padding_top":100,"padding_bottom":100,"show_section_divider":false,"divider_width":"fixed"}},"products_bundle_cFjE73":{"type":"products-bundle","blocks":{"product_tNmVzg":{"type":"product","settings":{"product":"","color_scheme":"","horizontal_position":77,"vertical_position":48}},"product_63XUQd":{"type":"product","settings":{"product":"","color_scheme":"","horizontal_position":45,"vertical_position":54}},"product_bNtrwr":{"type":"product","settings":{"product":"","color_scheme":"","horizontal_position":19,"vertical_position":41}}},"block_order":["product_tNmVzg","product_63XUQd","product_bNtrwr"],"settings":{"color_scheme":"","heading":"Build Your Own Basket","heading_size":"h1","heading_highlight_style":"none","subheading":"Bundle & save","description":"","padding_top":100,"padding_bottom":0,"show_section_divider":false,"divider_width":"fixed"}},"multicolumn_mQAQbW":{"type":"multicolumn","blocks":{"column_6be7nJ":{"type":"column","settings":{"image_width":"extra-large","title":"","heading_size":"h4","text":"<p>“Pair text with an image to focus on your chosen product, collection, or blog post. Add details on availability, style, or even provide a review.”<\/p>","text_size":"text-lg","button_label":"","button_style":"btn--underline","button_link":"","mobile_layout":"inherit"}},"column_m4RcYP":{"type":"column","settings":{"image_width":"extra-large","title":"","heading_size":"h4","text":"<p>“Pair text with an image to focus on your chosen product, collection, or blog post. Add details on availability, style, or even provide a review.”<\/p>","text_size":"text-lg","button_label":"","button_style":"btn--underline","button_link":"","mobile_layout":"inherit"}},"column_bRpkxq":{"type":"column","settings":{"image_width":"extra-large","title":"","heading_size":"h4","text":"<p>“Pair text with an image to focus on your chosen product, collection, or blog post. Add details on availability, style, or even provide a review.”<\/p>","text_size":"text-lg","button_label":"","button_style":"btn--underline","button_link":"","mobile_layout":"inherit"}}},"block_order":["column_6be7nJ","column_m4RcYP","column_bRpkxq"],"settings":{"color_scheme":"","heading":"Multicolumn","heading_size":"h1","heading_highlight_style":"none","subheading":"","description":"","text_size":"text-base","column_alignment":"center","columns_desktop":3,"column_gap":"large","columns_mobile":"1","swipe_on_mobile":true,"padding_top":100,"padding_bottom":100,"show_section_divider":false,"divider_width":"fixed"}},"card_images_YfYkKC":{"type":"card-images","blocks":{"image_card_wqEYFA":{"type":"image_card","settings":{"color_scheme":"","image_overlay_opacity":0,"heading":"Image card","heading_size":"hd2","subheading":"Add a tagline","description":"<p>Tell your brand's story through images<\/p>","description_size":"text-lg","button_label":"Button label","button_style":"btn--primary","content_position":"middle-left","content_alignment":"left","content_spacing":"large","card_link":"","content_position_mobile":"top-center","content_alignment_mobile":"center"}},"image_card_gQwfAa":{"type":"image_card","settings":{"color_scheme":"","image_overlay_opacity":0,"heading":"Image card","heading_size":"hd2","subheading":"Add a tagline","description":"<p>Tell your brand's story through images<\/p>","description_size":"text-lg","button_label":"Button label","button_style":"btn--primary","content_position":"middle-left","content_alignment":"left","content_spacing":"large","card_link":"","content_position_mobile":"top-center","content_alignment_mobile":"center"}},"image_card_944yhH":{"type":"image_card","settings":{"color_scheme":"","image_overlay_opacity":0,"heading":"Image card","heading_size":"hd2","subheading":"Add a tagline","description":"<p>Tell your brand's story through images<\/p>","description_size":"text-lg","button_label":"Button label","button_style":"btn--primary","content_position":"middle-left","content_alignment":"left","content_spacing":"large","card_link":"","content_position_mobile":"top-center","content_alignment_mobile":"center"}}},"block_order":["image_card_wqEYFA","image_card_gQwfAa","image_card_944yhH"],"settings":{"color_scheme":"","subheading":"","heading":"Card images","heading_size":"h1","heading_highlight_style":"none","description":"","description_size":"text-base","image_ratio":"adapt","enable_equal_height":false,"columns_desktop":2,"column_gap":"extra-small","enable_slider":true,"padding_top":100,"padding_bottom":0,"show_section_divider":true,"divider_width":"full"}},"feature_list_cW3d9c":{"type":"feature-list","blocks":{"feature_item_VbCwL3":{"type":"feature_item","settings":{"color_scheme":"","icon":"check","icon_style":"btn--secondary","text":"Feature item"}},"feature_item_NzxQGa":{"type":"feature_item","settings":{"color_scheme":"","icon":"check","icon_style":"btn--secondary","text":"Feature item"}},"feature_item_yyNV9A":{"type":"feature_item","settings":{"color_scheme":"","icon":"check","icon_style":"btn--secondary","text":"Feature item"}},"feature_item_gBgLft":{"type":"feature_item","settings":{"color_scheme":"","icon":"check","icon_style":"btn--secondary","text":"Feature item"}},"feature_item_R8A8eX":{"type":"feature_item","settings":{"color_scheme":"","icon":"check","icon_style":"btn--secondary","text":"Feature item"}}},"block_order":["feature_item_VbCwL3","feature_item_NzxQGa","feature_item_yyNV9A","feature_item_gBgLft","feature_item_R8A8eX"],"settings":{"color_scheme":"scheme-7","subheading":"","heading":"","heading_size":"h2","heading_highlight_style":"none","description":"","text_size":"text-base","item_alignment":"center","icon_size":"extra-medium","swipe_on_mobile":true,"padding_top":100,"padding_bottom":0,"show_section_divider":false,"divider_width":"fixed"}},"rich_text_7rBwdd":{"type":"rich-text","blocks":{"heading_cUbnWW":{"type":"heading","settings":{"heading":"Talk about your brand","heading_size":"h1","heading_highlight_style":"none"}},"button_PeGbeL":{"type":"button","settings":{"button_label":"Button label","button_link":"","button_style":"btn--underline"}}},"block_order":["heading_cUbnWW","button_PeGbeL"],"settings":{"color_scheme":"","content_alignment":"center","padding_top":60,"padding_bottom":0,"show_section_divider":false,"divider_width":"fixed"}},"custom_content_rhXbV3":{"type":"custom-content","blocks":{"image_card_g7LinJ":{"type":"image_card","settings":{"color_scheme":"scheme-inverse","image_ratio":"adapt","image_overlay_opacity":0,"heading":"Image card","heading_size":"h1","heading_highlight_style":"none","subheading":"Add a tagline","description":"","button_label":"Button label","button_style":"btn--primary","content_position":"top-center","content_alignment":"center","content_spacing":"large","card_link":"","color_scheme_mobile":"scheme-inverse","show_text_below":false,"content_alignment_mobile":"center","width":"50%","alignment":"start","block_custom_class":""}},"collections_Q3fY6f":{"type":"collections","settings":{"collection_list":[],"hide_collection_name":false,"button_label":"","button_style":"btn--primary","limit":4,"columns":2,"column_gap":"extra-small","row_gap":"inherit","enable_slider":true,"pcard_image_ratio":"","columns_mobile":"2","swipe_on_mobile":false,"width":"50%","alignment":"start","block_custom_class":""}}},"block_order":["image_card_g7LinJ","collections_Q3fY6f"],"settings":{"container":"fixed","color_scheme":"","enable_sticky_column":true,"heading":"","heading_size":"h1","heading_highlight_style":"none","subheading":"","description":"","column_gap":"large","row_gap":"inherit","swipe_on_mobile":false,"columns_mobile":"1","padding_top":100,"padding_bottom":0,"show_section_divider":false,"divider_width":"fixed"}},"image_with_text_MgddA8":{"type":"image-with-text","blocks":{"subheading_XLgqVJ":{"type":"subheading","settings":{"subheading":"Add a tagline"}},"heading_J7mctK":{"type":"heading","settings":{"heading":"Talk about your brand","heading_size":"hd1","heading_highlight_style":"none"}},"text_A3Dahr":{"type":"text","settings":{"text":"<p>Pair text with an image to focus on your chosen product, collection, or blog post. Add details on availability, style, or even provide a review.<\/p>","text_size":"text-lg"}},"button_jAUX49":{"type":"button","settings":{"button_label":"Button label","button_link":"","button_style":"btn--primary"}}},"block_order":["subheading_XLgqVJ","heading_J7mctK","text_A3Dahr","button_jAUX49"],"settings":{"section_color_scheme":"","color_scheme":"scheme-4","image_height":"adapt","layout":"text_first","desktop_content_position":"center","desktop_content_alignment":"center","enable_parallax":false,"parallax_direction":"vertical","mobile_content_alignment":"left","padding_top":100,"padding_bottom":0,"show_section_divider":false,"divider_width":"fixed"}},"products_showcase_9KVeQe":{"type":"products-showcase","settings":{"color_scheme":"","heading":"Products showcase","heading_size":"h2","heading_highlight_style":"none","products":[],"pcard_title_size":"hd2","pcard_description_display":"3-lines","pcard_description_size":"text-lg","pcard_image_ratio":"3\/4","pcard_show_vendor":true,"pcard_show_type":false,"pcard_button_label":"Button label","padding_top":100,"padding_bottom":100,"show_section_divider":false,"divider_width":"fixed"}},"scrolling_promotion_htQpcB":{"type":"scrolling-promotion","blocks":{"image_p6c9Fb":{"type":"image","settings":{"image_height":80,"image_rounded":true,"image_link":"","image_height_mobile":90}},"text_eJYFM7":{"type":"text","settings":{"text":"Tell customers about a promotion","text_link":"","text_size":"h2","font_weight":"font-body","font_style":"normal","letter_spacing":0,"text_opacity":100,"text_style":"normal","use_custom_color":false,"custom_color":"#000000"}},"image_i3axe6":{"type":"image","settings":{"image_height":80,"image_rounded":true,"image_link":"","image_height_mobile":90}},"text_QcbBQ9":{"type":"text","settings":{"text":"Tell customers about a promotion","text_link":"","text_size":"h2","font_weight":"font-body","font_style":"normal","letter_spacing":0,"text_opacity":100,"text_style":"normal","use_custom_color":false,"custom_color":"#000000"}},"image_rMjhMM":{"type":"image","settings":{"image_height":80,"image_rounded":true,"image_link":"","image_height_mobile":90}},"text_qrqedj":{"type":"text","settings":{"text":"Tell customers about a promotion","text_link":"","text_size":"h2","font_weight":"font-body","font_style":"normal","letter_spacing":0,"text_opacity":100,"text_style":"normal","use_custom_color":false,"custom_color":"#000000"}},"image_9EAm3A":{"type":"image","settings":{"image_height":80,"image_rounded":true,"image_link":"","image_height_mobile":90}},"text_K7hiEY":{"type":"text","settings":{"text":"Tell customers about a promotion","text_link":"","text_size":"h2","font_weight":"font-body","font_style":"normal","letter_spacing":0,"text_opacity":100,"text_style":"normal","use_custom_color":false,"custom_color":"#000000"}}},"block_order":["image_p6c9Fb","text_eJYFM7","image_i3axe6","text_QcbBQ9","image_rMjhMM","text_qrqedj","image_9EAm3A","text_K7hiEY"],"settings":{"color_scheme":"","vertical_alignment":"center","direction":"left","pause_on_hover":true,"speed":0.2,"h_spacing":50,"v_spacing":26,"padding_top":0,"padding_bottom":0,"show_divider":true,"divider_layout":"vertical"}},"featured_products_tab_yYcGgw":{"type":"featured-products-tab","blocks":{"tab_pcLDec":{"type":"tab","settings":{"title":"Example title","description":"<p>Use this section to promote products that are on sale or part of a special promotion by prominently and attractively showcasing selected items.<\/p>","products":[],"collection":""}},"tab_NLRDMg":{"type":"tab","settings":{"title":"Example title","description":"<p>Use this section to promote products that are on sale or part of a special promotion by prominently and attractively showcasing selected items.<\/p>","products":[],"collection":""}},"tab_hhgdKc":{"type":"tab","settings":{"title":"Example title","description":"<p>Use this section to promote products that are on sale or part of a special promotion by prominently and attractively showcasing selected items.<\/p>","products":[],"collection":""}},"tab_PQhFrR":{"type":"tab","settings":{"title":"Example title","description":"<p>Use this section to promote products that are on sale or part of a special promotion by prominently and attractively showcasing selected items.<\/p>","products":[],"collection":""}}},"block_order":["tab_pcLDec","tab_NLRDMg","tab_hhgdKc","tab_PQhFrR"],"settings":{"color_scheme":"","enable_video_autoplay":true,"heading":"Featured products tab","heading_size":"h1","heading_highlight_style":"none","subheading":"Add a tagline","description":"","description_size":"text-base","limit":4,"column_gap":"medium","row_gap":"inherit","pcard_image_ratio":"3\/4","pcard_thumbnail_ratio":"","swipe_on_mobile":true,"padding_top":100,"padding_bottom":100,"show_section_divider":false,"divider_width":"fixed"}},"testimonials_8JHr3L":{"type":"testimonials","blocks":{"testimonial_dhi3Xf":{"type":"testimonial","settings":{"text":"<p>Add customer reviews and testimonials to showcase your store’s happy customers.<\/p>","author":"Author's name","bio":"","product":"","icon":"none"}},"testimonial_D7Mq7i":{"type":"testimonial","settings":{"text":"<p>Add customer reviews and testimonials to showcase your store’s happy customers.<\/p>","author":"Author's name","bio":"","product":"","icon":"none"}},"testimonial_33tAjm":{"type":"testimonial","settings":{"text":"<p>Add customer reviews and testimonials to showcase your store’s happy customers.<\/p>","author":"Author's name","bio":"","product":"","icon":"none"}},"testimonial_dDRMwy":{"type":"testimonial","settings":{"text":"<p>Add customer reviews and testimonials to showcase your store’s happy customers.<\/p>","author":"Author's name","bio":"","product":"","icon":"none"}},"testimonial_RgfDDw":{"type":"testimonial","settings":{"text":"<p>Add customer reviews and testimonials to showcase your store’s happy customers.<\/p>","author":"Author's name","bio":"","product":"","icon":"none"}},"testimonial_abi6JN":{"type":"testimonial","settings":{"text":"<p>Add customer reviews and testimonials to showcase your store’s happy customers.<\/p>","author":"Author's name","bio":"","product":"","icon":"none"}}},"block_order":["testimonial_dhi3Xf","testimonial_D7Mq7i","testimonial_33tAjm","testimonial_dDRMwy","testimonial_RgfDDw","testimonial_abi6JN"],"settings":{"color_scheme":"scheme-2","heading":"Testimonials","heading_size":"h2","heading_highlight_style":"none","subheading":"","description":"","text_size":"text-base","card_color_scheme":"","card_layout":"1","columns_desktop":4,"column_gap":"medium","enable_slider":true,"columns_mobile":"1","swipe_on_mobile":true,"padding_top":100,"padding_bottom":80,"show_section_divider":false,"divider_width":"fixed"}},"collapsible_tabs_KNKLiF":{"type":"collapsible-tabs","blocks":{"collapsible_item_t7UtgE":{"type":"collapsible_item","settings":{"icon":"none","heading":"Collapsible tab heading","content":"<p>Fill in the text content of the collapsible item here. You can provide details and explanation for the question here.<\/p>","custom_liquid":"","page":"","open":true}},"collapsible_item_AMx7Wd":{"type":"collapsible_item","settings":{"icon":"none","heading":"Collapsible tab heading","content":"<p>Fill in the text content of the collapsible item here. You can provide details and explanation for the question here.<\/p>","custom_liquid":"","page":"","open":false}},"collapsible_item_rUAHxc":{"type":"collapsible_item","settings":{"icon":"none","heading":"Collapsible tab heading","content":"<p>Fill in the text content of the collapsible item here. You can provide details and explanation for the question here.<\/p>","custom_liquid":"","page":"","open":false}},"collapsible_item_JCwmkt":{"type":"collapsible_item","settings":{"icon":"none","heading":"Collapsible tab heading","content":"<p>Fill in the text content of the collapsible item here. You can provide details and explanation for the question here.<\/p>","custom_liquid":"","page":"","open":false}},"image_card_jbgAcV":{"type":"image_card","settings":{"color_scheme":"scheme-1","desktop_image_position":"left","image_width":50,"alignment":"start","image_ratio":"adapt","image_overlay_opacity":0,"heading":"","heading_size":"h1","subheading":"","description":"","button_label":"","button_style":"btn--primary","content_position":"bottom-center","content_alignment":"center","content_spacing":"medium","card_link":"","order_first":true}}},"block_order":["collapsible_item_t7UtgE","collapsible_item_AMx7Wd","collapsible_item_rUAHxc","collapsible_item_JCwmkt","image_card_jbgAcV"],"settings":{"container":"fixed","color_scheme":"scheme-2","header_layout":"standing-column","heading":"Collapsible tabs","heading_size":"h2","heading_highlight_style":"none","subheading":"","description":"<p>Share information about your brand with your customers. Describe a product, make announcements, or welcome customers to your store.<\/p><p>Share information about your brand with your customers. <\/p>","text_size":"text-base","button_label":"Button label","button_link":"","button_style":"btn--primary","column_gap":"large","row_gap":"large","item_style":"card","item_color_scheme":"scheme-1","item_heading_font":"heading","item_heading_size":"h5","item_icon_size":"extra-large","padding_top":60,"padding_bottom":100,"show_section_divider":false,"divider_width":"fixed"}},"rich_text_J3XnPC":{"type":"rich-text","blocks":{"heading_jLVTiL":{"type":"heading","settings":{"heading":"Talk about your brand","heading_size":"h1","heading_highlight_style":"none"}},"button_jYDXnF":{"type":"button","settings":{"button_label":"Button label","button_link":"","button_style":"btn--underline"}}},"block_order":["heading_jLVTiL","button_jYDXnF"],"settings":{"color_scheme":"","content_alignment":"center","padding_top":100,"padding_bottom":0,"show_section_divider":false,"divider_width":"fixed"}},"custom_content_dxQmWd":{"type":"custom-content","blocks":{"image_card_cGCnqG":{"type":"image_card","settings":{"color_scheme":"","image_ratio":"adapt","image_overlay_opacity":0,"heading":"Image card","heading_size":"h2","heading_highlight_style":"none","subheading":"","description":"","button_label":"Button label","button_style":"btn--primary","content_position":"bottom-center","content_alignment":"center","content_spacing":"large","card_link":"","color_scheme_mobile":"","show_text_below":false,"content_alignment_mobile":"center","width":"33%","alignment":"center","block_custom_class":""}},"image_card_6PehkE":{"type":"image_card","settings":{"color_scheme":"","image_ratio":"adapt","image_overlay_opacity":0,"heading":"Image card","heading_size":"h2","heading_highlight_style":"none","subheading":"","description":"","button_label":"Button label","button_style":"btn--primary","content_position":"bottom-center","content_alignment":"center","content_spacing":"large","card_link":"","color_scheme_mobile":"","show_text_below":false,"content_alignment_mobile":"center","width":"33%","alignment":"center","block_custom_class":""}},"image_card_GKVG6K":{"type":"image_card","settings":{"color_scheme":"","image_ratio":"adapt","image_overlay_opacity":0,"heading":"Image card","heading_size":"h2","heading_highlight_style":"none","subheading":"","description":"","button_label":"Button label","button_style":"btn--primary","content_position":"bottom-center","content_alignment":"center","content_spacing":"large","card_link":"","color_scheme_mobile":"","show_text_below":false,"content_alignment_mobile":"center","width":"33%","alignment":"center","block_custom_class":""}}},"block_order":["image_card_cGCnqG","image_card_6PehkE","image_card_GKVG6K"],"settings":{"container":"fixed","color_scheme":"","enable_sticky_column":false,"heading":"","heading_size":"h1","heading_highlight_style":"none","subheading":"","description":"","column_gap":"medium","row_gap":"inherit","swipe_on_mobile":true,"columns_mobile":"1","padding_top":60,"padding_bottom":100,"show_section_divider":false,"divider_width":"fixed"}}},"order":["slideshow_q3U4Jn","product_tabs_iJHLzK","highlight_text_with_image_9KLzcX","collection_list_Pr36qH","products_bundle_cFjE73","multicolumn_mQAQbW","card_images_YfYkKC","feature_list_cW3d9c","rich_text_7rBwdd","custom_content_rhXbV3","image_with_text_MgddA8","products_showcase_9KVeQe","scrolling_promotion_htQpcB","featured_products_tab_yYcGgw","testimonials_8JHr3L","collapsible_tabs_KNKLiF","rich_text_J3XnPC","custom_content_dxQmWd"]}