{
  "sections": {
    "breadcrumbs_RzgTi9": {
      "type": "breadcrumbs",
      "settings": {
        "text_alignment": "center"
      }
    },
    "main": {
      "type": "main-page",
      "disabled": true,
      "settings": {
        "padding_top": 28,
        "padding_bottom": 28
      }
    },
    "rich_text_rwWQrL": {
      "type": "rich-text",
      "blocks": {
        "heading_GeX69R": {
          "type": "heading",
          "settings": {
            "heading": "Discover more in our FAQ",
            "heading_size": "hd2"
          }
        },
        "text_nb9hEL": {
          "type": "text",
          "settings": {
            "text": "<p>Have a question or comment? Don't be shy: Reach out and say hi! <br\/>Support hours: Monday-Friday, 7am-3pm<\/p>",
            "text_size": "text-lg"
          }
        }
      },
      "block_order": [
        "heading_GeX69R",
        "text_nb9hEL"
      ],
      "settings": {
        "color_scheme": "",
        "content_alignment": "center",
        "padding_top": 36,
        "padding_bottom": 0
      }
    },
    "collapsible_tabs_phAkEE": {
      "type": "collapsible-tabs",
      "blocks": {
        "image_card_RxbCX3": {
          "type": "image_card",
          "settings": {
            "color_scheme": "scheme-inverse",
            "desktop_image_position": "left",
            "image_width": 34,
            "alignment": "start",
            "image_ratio": "adapt",
            "image_overlay_opacity": 20,
            "heading": "Image card",
            "heading_size": "h1",
            "subheading": "",
            "description": "<p>Give customers details about your store<\/p>",
            "button_label": "Button label",
            "button_style": "btn--primary",
            "content_position": "middle-center",
            "content_alignment": "center",
            "content_spacing": "medium",
            "order_first": false
          }
        },
        "collapsible_item_eFemDY": {
          "type": "collapsible_item",
          "settings": {
            "icon": "none",
            "heading": "Collapsible tab heading",
            "content": "<p>Fill in the text content of the collapsible item here. You can provide details and explanation for the question here.<\/p>",
            "custom_liquid": "",
            "page": "",
            "open": true
          }
        },
        "collapsible_item_RQ3WzW": {
          "type": "collapsible_item",
          "settings": {
            "icon": "none",
            "heading": "Collapsible tab heading",
            "content": "<p>Fill in the text content of the collapsible item here. You can provide details and explanation for the question here.<\/p>",
            "custom_liquid": "",
            "page": "",
            "open": false
          }
        },
        "collapsible_item_aKpRFm": {
          "type": "collapsible_item",
          "settings": {
            "icon": "none",
            "heading": "Collapsible tab heading",
            "content": "<p>Fill in the text content of the collapsible item here. You can provide details and explanation for the question here.<\/p>",
            "custom_liquid": "",
            "page": "",
            "open": false
          }
        },
        "collapsible_item_3c4PkF": {
          "type": "collapsible_item",
          "settings": {
            "icon": "none",
            "heading": "Collapsible tab heading",
            "content": "<p>Fill in the text content of the collapsible item here. You can provide details and explanation for the question here.<\/p>",
            "custom_liquid": "",
            "page": "",
            "open": false
          }
        },
        "collapsible_item_Hwt9zL": {
          "type": "collapsible_item",
          "settings": {
            "icon": "none",
            "heading": "Collapsible tab heading",
            "content": "<p>Fill in the text content of the collapsible item here. You can provide details and explanation for the question here.<\/p>",
            "custom_liquid": "",
            "page": "",
            "open": false
          }
        }
      },
      "block_order": [
        "image_card_RxbCX3",
        "collapsible_item_eFemDY",
        "collapsible_item_RQ3WzW",
        "collapsible_item_aKpRFm",
        "collapsible_item_3c4PkF",
        "collapsible_item_Hwt9zL"
      ],
      "custom_css": [
        ".collapsible-tabs__wrapper {--row-gap-mobile: 4.8rem !important;}",
        "@media (min-width: 768px) {.accordion-item:first-child .accordion-details__summary {padding-top: 0; }}",
        "@media (min-width: 1280px) {.section--collapsible-tabs {max-width: 1170px; } .collapsible-tabs__wrapper {--column-gap: 9rem; }}",
        "@media (max-width: 767px) {.section--collapsible-tabs {padding-top: 1.2rem; }}"
      ],
      "settings": {
        "container": "narrow",
        "color_scheme": "",
        "header_layout": "vertical",
        "heading": "",
        "heading_size": "h1",
        "subheading": "",
        "description": "",
        "button_label": "",
        "button_link": "",
        "button_style": "btn--primary",
        "column_gap": "large",
        "row_gap": "inherit",
        "item_style": "standard",
        "item_color_scheme": "",
        "item_heading_font": "heading",
        "item_heading_size": "h3",
        "padding_top": 80,
        "padding_bottom": 100
      }
    }
  },
  "order": [
    "breadcrumbs_RzgTi9",
    "main",
    "rich_text_rwWQrL",
    "collapsible_tabs_phAkEE"
  ]
}
