{
  "sections": {
    "main": {
      "type": "main-page",
      "disabled": true,
      "settings": {
        "padding_top": 28,
        "padding_bottom": 28
      }
    },
    "video_hero_riEjtc": {
      "type": "video-hero",
      "blocks": {
        "subheading_EhCzmF": {
          "type": "subheading",
          "settings": {
            "subheading": "Add a tagline"
          }
        },
        "heading_WzGrih": {
          "type": "heading",
          "settings": {
            "heading": "Video hero",
            "heading_size": "hd1"
          }
        }
      },
      "block_order": [
        "subheading_EhCzmF",
        "heading_WzGrih"
      ],
      "settings": {
        "container": "full",
        "video_url": "https:\/\/www.youtube.com\/watch?v=_9VUPq3SxOc",
        "description": "",
        "video_height": "extra-medium",
        "overlay_opacity": 30,
        "enable_parallax": false,
        "parallax_direction": "vertical",
        "color_scheme": "scheme-inverse",
        "content_position": "middle-center",
        "content_alignment": "center",
        "video_mobile_height": "auto",
        "padding_top": 0,
        "padding_bottom": 0,
        "show_section_divider": false,
        "divider_width": "fixed"
      }
    },
    "custom_content_wN3EKJ": {
      "type": "custom-content",
      "blocks": {
        "image_J68fdX": {
          "type": "image",
          "settings": {
            "width": "100%",
            "alignment": "center",
            "block_custom_class": ""
          }
        },
        "text_DmBBtg": {
          "type": "text",
          "settings": {
            "heading": "Talk about your brand",
            "heading_size": "h1",
            "subheading": "",
            "description": "<p>Share information about your brand with your customers. Describe a product, make announcements, or welcome customers to your store. Share information about your brand with your customers. Describe a product, make announcements, or welcome customers to your store.Share information about your brand with your customers.<\/p>",
            "text_size": "text-lg",
            "button_label": "",
            "button_style": "btn--primary",
            "content_alignment": "center",
            "width": "100%",
            "alignment": "center",
            "block_custom_class": ""
          }
        }
      },
      "block_order": [
        "image_J68fdX",
        "text_DmBBtg"
      ],
      "custom_css": [
        "[data-block-type=\"image\"] {max-width: 81.2rem; margin: 0 auto -9%;}",
        ".rich-text__heading {max-width: 74rem; margin: 0 auto;}",
        ".custom__block--text {max-width: 81.2rem; margin: 0 auto;}",
        "@media (max-width: 767px) {[data-block-type=\"image\"] {margin-bottom: -14%; } .rich-text__heading {max-width: 33rem; }}"
      ],
      "settings": {
        "container": "fixed",
        "color_scheme": "",
        "enable_sticky_column": false,
        "heading": "",
        "heading_size": "h1",
        "subheading": "",
        "description": "",
        "column_gap": "none",
        "row_gap": "none",
        "swipe_on_mobile": false,
        "columns_mobile": "1",
        "padding_top": 16,
        "padding_bottom": 0,
        "show_section_divider": false,
        "divider_width": "fixed"
      }
    },
    "collage_tabs_4tqYyi": {
      "type": "collage-tabs",
      "blocks": {
        "tab_TY4A3w": {
          "type": "tab",
          "settings": {
            "content_color_scheme": "",
            "navigation_title": "Tab name",
            "heading": "Talk about your brand",
            "heading_size": "h1",
            "subheading": "Add a tagline",
            "description": "<p>Pair text with an image to focus on your chosen product, collection, or blog post. Add details on availability, style, or even provide a review.<\/p>",
            "text_size": "text-lg",
            "text_alignment": "center",
            "button_label": "",
            "button_link": "",
            "button_style": "btn--primary"
          }
        },
        "tab_PA6E9a": {
          "type": "tab",
          "settings": {
            "content_color_scheme": "",
            "navigation_title": "Tab name",
            "heading": "Talk about your brand",
            "heading_size": "h1",
            "subheading": "Add a tagline",
            "description": "<p>Pair text with an image to focus on your chosen product, collection, or blog post. Add details on availability, style, or even provide a review.<\/p>",
            "text_size": "text-lg",
            "text_alignment": "center",
            "button_label": "",
            "button_link": "",
            "button_style": "btn--primary"
          }
        },
        "tab_wUHL7M": {
          "type": "tab",
          "settings": {
            "content_color_scheme": "",
            "navigation_title": "Tab name",
            "heading": "Talk about your brand",
            "heading_size": "h1",
            "subheading": "Add a tagline",
            "description": "<p>Pair text with an image to focus on your chosen product, collection, or blog post. Add details on availability, style, or even provide a review.<\/p>",
            "text_size": "text-lg",
            "text_alignment": "center",
            "button_label": "",
            "button_link": "",
            "button_style": "btn--primary"
          }
        }
      },
      "block_order": [
        "tab_TY4A3w",
        "tab_PA6E9a",
        "tab_wUHL7M"
      ],
      "settings": {
        "color_scheme": "",
        "desktop_navigation_alignment": "center",
        "desktop_image_position": "right",
        "desktop_image_width": 50,
        "image_aspect_ratio": "adapt",
        "padding_top": 84,
        "padding_bottom": 0,
        "show_section_divider": false,
        "divider_width": "fixed"
      }
    },
    "multicolumn_Mxt4d3": {
      "type": "multicolumn",
      "blocks": {
        "column_ppme79": {
          "type": "column",
          "settings": {
            "image_width": "large",
            "title": "Column",
            "text": "<p>Pair text with an image to focus on your chosen product, collection, or blog post. Add details on availability, style, or even provide a review.<\/p>",
            "text_size": "text-base",
            "button_label": "",
            "button_style": "btn--underline",
            "button_link": ""
          }
        },
        "column_6eYcFq": {
          "type": "column",
          "settings": {
            "image_width": "large",
            "title": "Column",
            "text": "<p>Pair text with an image to focus on your chosen product, collection, or blog post. Add details on availability, style, or even provide a review.<\/p>",
            "text_size": "text-base",
            "button_label": "",
            "button_style": "btn--underline",
            "button_link": ""
          }
        },
        "column_6mMR7m": {
          "type": "column",
          "settings": {
            "image_width": "large",
            "title": "Column",
            "text": "<p>Pair text with an image to focus on your chosen product, collection, or blog post. Add details on availability, style, or even provide a review.<\/p>",
            "text_size": "text-base",
            "button_label": "",
            "button_style": "btn--underline",
            "button_link": ""
          }
        },
        "column_Lix6qc": {
          "type": "column",
          "settings": {
            "image_width": "large",
            "title": "Column",
            "text": "<p>Pair text with an image to focus on your chosen product, collection, or blog post. Add details on availability, style, or even provide a review.<\/p>",
            "text_size": "text-base",
            "button_label": "",
            "button_style": "btn--underline",
            "button_link": ""
          }
        }
      },
      "block_order": [
        "column_ppme79",
        "column_6eYcFq",
        "column_6mMR7m",
        "column_Lix6qc"
      ],
      "settings": {
        "color_scheme": "",
        "subheading": "",
        "heading": "",
        "heading_size": "h1",
        "description": "",
        "text_size": "text-base",
        "column_alignment": "center",
        "columns_desktop": 4,
        "column_gap": "large",
        "columns_mobile": "1",
        "swipe_on_mobile": true,
        "padding_top": 80,
        "padding_bottom": 80,
        "show_section_divider": false,
        "divider_width": "fixed"
      }
    },
    "collapsible_tabs_z3JGYY": {
      "type": "collapsible-tabs",
      "blocks": {
        "image_card_NmUgMM": {
          "type": "image_card",
          "settings": {
            "color_scheme": "scheme-1",
            "desktop_image_position": "left",
            "image_width": 50,
            "alignment": "center",
            "image_ratio": "adapt",
            "image_overlay_opacity": 0,
            "heading": "",
            "heading_size": "h1",
            "subheading": "",
            "description": "",
            "button_label": "",
            "button_style": "btn--primary",
            "content_position": "bottom-center",
            "content_alignment": "center",
            "content_spacing": "medium",
            "card_link": "",
            "order_first": false
          }
        },
        "heading_MDmMTX": {
          "type": "heading",
          "settings": {
            "heading": "Collapsible tabs",
            "heading_size": "h1",
            "sub_heading": "Add a tagline"
          }
        },
        "collapsible_item_VdqfgD": {
          "type": "collapsible_item",
          "settings": {
            "icon": "none",
            "heading": "Collapsible tab heading",
            "content": "<p>Fill in the text content of the collapsible item here. You can provide details and explanation for the question here.<\/p>",
            "custom_liquid": "",
            "page": "",
            "open": true
          }
        },
        "collapsible_item_AWXyNC": {
          "type": "collapsible_item",
          "settings": {
            "icon": "none",
            "heading": "Collapsible tab heading",
            "content": "<p>Fill in the text content of the collapsible item here. You can provide details and explanation for the question here.<\/p>",
            "custom_liquid": "",
            "page": "",
            "open": false
          }
        },
        "collapsible_item_nbqHwr": {
          "type": "collapsible_item",
          "settings": {
            "icon": "none",
            "heading": "Collapsible tab heading",
            "content": "<p>Fill in the text content of the collapsible item here. You can provide details and explanation for the question here.<\/p>",
            "custom_liquid": "",
            "page": "",
            "open": false
          }
        },
        "collapsible_item_ghjx8T": {
          "type": "collapsible_item",
          "settings": {
            "icon": "none",
            "heading": "Collapsible tab heading",
            "content": "<p>Fill in the text content of the collapsible item here. You can provide details and explanation for the question here.<\/p>",
            "custom_liquid": "",
            "page": "",
            "open": false
          }
        }
      },
      "block_order": [
        "image_card_NmUgMM",
        "heading_MDmMTX",
        "collapsible_item_VdqfgD",
        "collapsible_item_AWXyNC",
        "collapsible_item_nbqHwr",
        "collapsible_item_ghjx8T"
      ],
      "custom_css": [
        ".collapsible-tabs__wrapper {--row-gap-mobile: 4.8rem;}",
        "@media (min-width: 768px) {collapsible-tabs {max-width: 57rem; padding-inline-start: 3rem; } .collapsible-tabs__content-col {align-items: flex-end; }}"
      ],
      "settings": {
        "container": "fixed",
        "color_scheme": "",
        "header_layout": "vertical",
        "heading": "",
        "heading_size": "h1",
        "subheading": "",
        "description": "",
        "button_label": "",
        "button_link": "",
        "button_style": "btn--primary",
        "column_gap": "none",
        "row_gap": "large",
        "item_style": "standard",
        "item_color_scheme": "",
        "item_heading_font": "heading",
        "item_heading_size": "h3",
        "padding_top": 96,
        "padding_bottom": 0,
        "show_section_divider": true,
        "divider_width": "fixed"
      }
    },
    "feature_list_cW3d9c": {
      "type": "feature-list",
      "blocks": {
        "feature_item_VbCwL3": {
          "type": "feature_item",
          "settings": {
            "icon": "check",
            "text": "Feature item"
          }
        },
        "feature_item_NzxQGa": {
          "type": "feature_item",
          "settings": {
            "icon": "check",
            "text": "Feature item"
          }
        },
        "feature_item_yyNV9A": {
          "type": "feature_item",
          "settings": {
            "icon": "check",
            "text": "Feature item"
          }
        },
        "feature_item_gBgLft": {
          "type": "feature_item",
          "settings": {
            "icon": "check",
            "text": "Feature item"
          }
        },
        "feature_item_R8A8eX": {
          "type": "feature_item",
          "settings": {
            "icon": "check",
            "text": "Feature item"
          }
        }
      },
      "block_order": [
        "feature_item_VbCwL3",
        "feature_item_NzxQGa",
        "feature_item_yyNV9A",
        "feature_item_gBgLft",
        "feature_item_R8A8eX"
      ],
      "settings": {
        "color_scheme": "scheme-7",
        "subheading": "",
        "heading": "Feature list",
        "heading_size": "h1",
        "description": "",
        "text_size": "text-base",
        "item_alignment": "center",
        "icon_size": "extra-medium",
        "swipe_on_mobile": true,
        "padding_top": 100,
        "padding_bottom": 0,
        "show_section_divider": false,
        "divider_width": "fixed"
      }
    },
    "multicolumn_7rqLzX": {
      "type": "multicolumn",
      "blocks": {
        "column_wUPT4b": {
          "type": "column",
          "settings": {
            "image_width": "full",
            "title": "Column",
            "text": "<p>Pair text with an image to focus on your chosen product, collection, or blog post. Add details on availability, style, or even provide a review.<\/p>",
            "text_size": "text-base",
            "button_label": "",
            "button_style": "btn--underline",
            "button_link": ""
          }
        },
        "column_YyxHCG": {
          "type": "column",
          "settings": {
            "image_width": "full",
            "title": "Column",
            "text": "<p>Pair text with an image to focus on your chosen product, collection, or blog post. Add details on availability, style, or even provide a review.<\/p>",
            "text_size": "text-base",
            "button_label": "",
            "button_style": "btn--underline",
            "button_link": ""
          }
        },
        "column_Gdt9Gr": {
          "type": "column",
          "settings": {
            "image_width": "full",
            "title": "Column",
            "text": "<p>Pair text with an image to focus on your chosen product, collection, or blog post. Add details on availability, style, or even provide a review.<\/p>",
            "text_size": "text-base",
            "button_label": "",
            "button_style": "btn--underline",
            "button_link": ""
          }
        }
      },
      "block_order": [
        "column_wUPT4b",
        "column_YyxHCG",
        "column_Gdt9Gr"
      ],
      "settings": {
        "color_scheme": "",
        "subheading": "",
        "heading": "",
        "heading_size": "h1",
        "description": "",
        "text_size": "text-base",
        "column_alignment": "left",
        "columns_desktop": 3,
        "column_gap": "extra-large",
        "columns_mobile": "1",
        "swipe_on_mobile": true,
        "padding_top": 60,
        "padding_bottom": 0,
        "show_section_divider": false,
        "divider_width": "fixed"
      }
    },
    "custom_content_7PdtA7": {
      "type": "custom-content",
      "blocks": {
        "image_card_JEaNN9": {
          "type": "image_card",
          "settings": {
            "color_scheme": "scheme-inverse",
            "image_ratio": "adapt",
            "image_overlay_opacity": 30,
            "heading": "Image card",
            "heading_size": "h1",
            "subheading": "",
            "description": "",
            "button_label": "Button label",
            "button_style": "btn--primary",
            "content_position": "middle-center",
            "content_alignment": "center",
            "content_spacing": "small",
            "card_link": "",
            "color_scheme_mobile": "scheme-inverse",
            "show_text_below": false,
            "content_alignment_mobile": "center",
            "width": "50%",
            "alignment": "center",
            "block_custom_class": ""
          }
        },
        "image_card_phA3qp": {
          "type": "image_card",
          "settings": {
            "color_scheme": "scheme-inverse",
            "image_ratio": "adapt",
            "image_overlay_opacity": 30,
            "heading": "Image card",
            "heading_size": "h1",
            "subheading": "",
            "description": "",
            "button_label": "Button label",
            "button_style": "btn--primary",
            "content_position": "middle-center",
            "content_alignment": "center",
            "content_spacing": "small",
            "card_link": "",
            "color_scheme_mobile": "scheme-inverse",
            "show_text_below": false,
            "content_alignment_mobile": "center",
            "width": "50%",
            "alignment": "center",
            "block_custom_class": ""
          }
        }
      },
      "block_order": [
        "image_card_JEaNN9",
        "image_card_phA3qp"
      ],
      "custom_css": [
        ".card-media {border-radius: 0;}",
        ".rich-text {--child-margin-top: 2.4rem;}",
        "@media (max-width: 767px) {.rich-text {--child-margin-top: 2rem; }}"
      ],
      "settings": {
        "container": "full",
        "color_scheme": "",
        "enable_sticky_column": false,
        "heading": "",
        "heading_size": "h1",
        "subheading": "",
        "description": "",
        "column_gap": "none",
        "row_gap": "inherit",
        "swipe_on_mobile": false,
        "columns_mobile": "1",
        "padding_top": 100,
        "padding_bottom": 0,
        "show_section_divider": false,
        "divider_width": "fixed"
      }
    }
  },
  "order": [
    "main",
    "video_hero_riEjtc",
    "custom_content_wN3EKJ",
    "collage_tabs_4tqYyi",
    "multicolumn_Mxt4d3",
    "collapsible_tabs_z3JGYY",
    "feature_list_cW3d9c",
    "multicolumn_7rqLzX",
    "custom_content_7PdtA7"
  ]
}
