{
  "sections": {
    "breadcrumbs_xYaBHj": {
      "type": "breadcrumbs",
      "settings": {
        "text_alignment": "center"
      }
    },
    "main": {
      "type": "main-page",
      "disabled": true,
      "settings": {
        "padding_top": 36,
        "padding_bottom": 36
      }
    },
    "form": {
      "type": "contact-form",
      "blocks": {
        "custom_field_8AQYaC": {
          "type": "custom_field",
          "settings": {
            "field_type": "phone",
            "heading": "Phone",
            "placeholder": "Phone",
            "required": false,
            "full_width": true,
            "select_options": "",
            "checkbox_checked_value": "Yes",
            "checkbox_uncheck_value": "No",
            "radio_options": ""
          }
        },
        "image_card_yBPyAg": {
          "type": "image_card",
          "settings": {
            "color_scheme": "scheme-inverse",
            "image_overlay_opacity": 0,
            "heading": "Your location",
            "heading_size": "h1",
            "subheading": "",
            "description": "<p>+333 (0)123 4567<\/p><p>Mon-Sat: 10am-8pm<\/p>",
            "button_label": "Button label",
            "button_style": "btn--primary",
            "content_position": "bottom-left",
            "content_alignment": "left",
            "content_spacing": "large",
            "card_link": "",
            "color_scheme_mobile": "scheme-1",
            "show_text_below": true,
            "content_alignment_mobile": "left"
          }
        }
      },
      "block_order": [
        "custom_field_8AQYaC",
        "image_card_yBPyAg"
      ],
      "custom_css": [
        "@media (min-width: 768px) {.card-media {border-radius: 0; }}",
        "@media (max-width: 767px) {.contact-form {padding-block-end: 0; } .contact-form__wrapper {border-radius: 0; margin-left: -1.5rem; margin-right: -1.5rem; } .card-media {padding: 0 1.5rem 4.8rem; }}"
      ],
      "settings": {
        "section_color_scheme": "",
        "color_scheme": "scheme-11",
        "heading": "Get in Touch",
        "heading_size": "hd2",
        "padding_top": 0,
        "padding_bottom": 100,
        "show_section_divider": false,
        "divider_width": "fixed"
      }
    }
  },
  "order": [
    "breadcrumbs_xYaBHj",
    "main",
    "form"
  ]
}
