{"sections":{"main":{"type":"main-page","disabled":true,"settings":{"padding_top":28,"padding_bottom":28}},"image_with_text_overlay_pMpjM4":{"type":"image-with-text-overlay","blocks":{"subheading_fFbrFP":{"type":"subheading","settings":{"subheading":"Add a tagline"}},"heading_ypkcNL":{"type":"heading","settings":{"heading":"Image banner","heading_size":"hd1"}},"button_3T7neJ":{"type":"button","settings":{"button_label":"Button label","button_link":"","button_style":"btn--primary"}}},"block_order":["subheading_fFbrFP","heading_ypkcNL","button_3T7neJ"],"settings":{"container":"full","desktop_height":"adapt","overlay_opacity":20,"enable_parallax":false,"parallax_direction":"vertical","color_scheme":"","content_position":"middle-center","content_alignment":"center","mobile_height":"adapt","padding_top":0,"padding_bottom":0}},"featured_collection_e8nkKJ":{"type":"featured-collection","custom_css":[".section__header--text {max-width: 70rem; margin: 0 auto;}"],"settings":{"color_scheme":"","header_layout":"vertical","heading":"Featured collection","heading_size":"h1","subheading":"Add a tagline","description":"<p>Give customers details about the collection<\/p>","text_size":"text-base","show_collection_description":false,"limit":4,"columns":4,"column_gap":"medium","row_gap":"inherit","enable_slider":true,"pcard_image_ratio":"","columns_mobile":"1","swipe_on_mobile":true,"show_all_button_on_top":false,"button_label":"","button_style":"btn--primary","padding_top":100,"padding_bottom":0,"show_section_divider":false,"divider_width":"fixed"}},"highlight_text_with_image_9KLzcX":{"type":"highlight-text-with-image","blocks":{"image_URaWGC":{"type":"image","settings":{"image_link":"","image_width":220,"image_width_mobile":110}},"image_DyKWHM":{"type":"image","settings":{"image_link":"","image_width":220,"image_width_mobile":110}},"image_NGQQmW":{"type":"image","settings":{"image_link":"","image_width":220,"image_width_mobile":110}}},"block_order":["image_URaWGC","image_DyKWHM","image_NGQQmW"],"custom_css":[".highlight-text-with-image {--blocks-radius: 13rem; --blocks-radius-mobile: 13rem;}"],"settings":{"color_scheme":"","text":"Highlight products, [img1] a collection, or [img2] images alongside a brand message [img3]","heading_size":"hd1","alignment":"center","padding_top":100,"padding_bottom":100,"show_section_divider":false,"divider_width":"fixed"}},"media_with_collection_BTHPGg":{"type":"media-with-collection","settings":{"color_scheme":"scheme-8","heading":"Media with collection","heading_size":"h1","subheading":"","description":"<p>Give customers details about the collection<\/p>","collection":"","limit":3,"columns":"2","media_position":"left","product_image_ratio":"adapt","columns_mobile":"1","swipe_on_mobile":true,"padding_top":100,"padding_bottom":100,"show_section_divider":false,"divider_width":"fixed"}},"lookbook_banner_fUexWb":{"type":"lookbook-banner","blocks":{"product_pHCq3b":{"type":"product","settings":{"top":45,"left":44,"top_mobile":45,"left_mobile":30}},"scrolling_text_XCxeAA":{"type":"scrolling_text","settings":{"text":"Tell customers about a promotion","text_link":""}},"scrolling_text_n8BpyR":{"type":"scrolling_text","settings":{"text":"Tell customers about a promotion","text_link":""}},"scrolling_text_r37TjQ":{"type":"scrolling_text","settings":{"text":"Tell customers about a promotion","text_link":""}}},"block_order":["product_pHCq3b","scrolling_text_XCxeAA","scrolling_text_n8BpyR","scrolling_text_r37TjQ"],"custom_css":[".section__header--text {width: 70rem; max-width: 100%; margin: 0 auto;}"],"settings":{"color_scheme":"","heading":"Lookbook banner","heading_size":"h1","subheading":"Add a tagline","description":"","annotation_color":"dark","scrolling_direction":"left","pause_on_hover":true,"scrolling_speed":0.2,"scrolling_text_color":"#000000","padding_top":100,"padding_bottom":0,"show_section_divider":false,"divider_width":"fixed"}},"multicolumn_mQAQbW":{"type":"multicolumn","blocks":{"column_6be7nJ":{"type":"column","settings":{"image_width":"extra-large","title":"","text":"<p>“Pair text with an image to focus on your chosen product, collection, or blog post. Add details on availability, style, or even provide a review.”<\/p>","text_size":"text-lg","button_label":"","button_style":"btn--underline","button_link":""}},"column_m4RcYP":{"type":"column","settings":{"image_width":"extra-large","title":"","text":"<p>“Pair text with an image to focus on your chosen product, collection, or blog post. Add details on availability, style, or even provide a review.”<\/p>","text_size":"text-lg","button_label":"","button_style":"btn--underline","button_link":""}},"column_bRpkxq":{"type":"column","settings":{"image_width":"extra-large","title":"","text":"<p>“Pair text with an image to focus on your chosen product, collection, or blog post. Add details on availability, style, or even provide a review.”<\/p>","text_size":"text-lg","button_label":"","button_style":"btn--underline","button_link":""}}},"block_order":["column_6be7nJ","column_m4RcYP","column_bRpkxq"],"custom_css":[".multicolumn {--image-spacing-bottom: 1.2rem; --image-spacing-bottom-mobile: 1.2rem;}",".multicolumn-card--image-extra-large {--image-width-mobile: 15rem;}","@media (max-width: 767px) {.multicolumn-card__text br {display: none; }}"],"settings":{"color_scheme":"","heading":"Multicolumn","heading_size":"h1","subheading":"","description":"","text_size":"text-base","column_alignment":"center","columns_desktop":3,"column_gap":"large","columns_mobile":"1","swipe_on_mobile":true,"padding_top":100,"padding_bottom":100,"show_section_divider":false,"divider_width":"fixed"}},"products_showcase_9KVeQe":{"type":"products-showcase","settings":{"color_scheme":"","heading":"Products showcase","heading_size":"h2","products":[],"pcard_title_size":"hd2","pcard_description_display":"3-lines","pcard_description_size":"text-lg","pcard_image_ratio":"3\/4","pcard_show_vendor":true,"pcard_button_label":"Shop this product","padding_top":100,"padding_bottom":0,"show_section_divider":true,"divider_width":"full"}},"custom_content_7PdtA7":{"type":"custom-content","blocks":{"image_card_JEaNN9":{"type":"image_card","settings":{"color_scheme":"scheme-inverse","image_ratio":"adapt","image_overlay_opacity":30,"heading":"Image card","heading_size":"h1","subheading":"","description":"","button_label":"Button label","button_style":"btn--primary","content_position":"middle-center","content_alignment":"center","content_spacing":"small","card_link":"","color_scheme_mobile":"","show_text_below":false,"content_alignment_mobile":"center","width":"50%","alignment":"center","block_custom_class":""}},"image_card_phA3qp":{"type":"image_card","settings":{"color_scheme":"scheme-inverse","image_ratio":"adapt","image_overlay_opacity":30,"heading":"Image card","heading_size":"h1","subheading":"","description":"","button_label":"Button label","button_style":"btn--primary","content_position":"middle-center","content_alignment":"center","content_spacing":"small","card_link":"","color_scheme_mobile":"","show_text_below":false,"content_alignment_mobile":"center","width":"50%","alignment":"center","block_custom_class":""}}},"block_order":["image_card_JEaNN9","image_card_phA3qp"],"custom_css":[".card-media {--blocks-radius: 0; --child-margin-top: 2.4rem;}"],"settings":{"container":"full","color_scheme":"","enable_sticky_column":false,"heading":"","heading_size":"h1","subheading":"","description":"","column_gap":"none","row_gap":"inherit","swipe_on_mobile":false,"columns_mobile":"1","padding_top":100,"padding_bottom":0,"show_section_divider":false,"divider_width":"fixed"}}},"order":["main","image_with_text_overlay_pMpjM4","featured_collection_e8nkKJ","highlight_text_with_image_9KLzcX","media_with_collection_BTHPGg","lookbook_banner_fUexWb","multicolumn_mQAQbW","products_showcase_9KVeQe","custom_content_7PdtA7"]}