{"name":"t:sections.header.name","type":"header","sections":{"scrolling_promotion_KhdTdc":{"type":"scrolling-promotion","blocks":{"text_niHbzP":{"type":"text","settings":{"text":"TELL CUSTOMERS ABOUT A PROMOTION","text_link":"","text_size":"text-base","font_weight":"font-heading","font_style":"normal","letter_spacing":0,"text_opacity":100,"text_style":"normal","use_custom_color":false,"custom_color":"#000000"}},"text_t3BcT4":{"type":"text","settings":{"text":"TELL CUSTOMERS ABOUT A PROMOTION","text_link":"","text_size":"text-base","font_weight":"font-heading","font_style":"normal","letter_spacing":0,"text_opacity":100,"text_style":"normal","use_custom_color":false,"custom_color":"#000000"}},"text_QCAxbn":{"type":"text","settings":{"text":"TELL CUSTOMERS ABOUT A PROMOTION","text_link":"","text_size":"text-base","font_weight":"font-heading","font_style":"normal","letter_spacing":0,"text_opacity":100,"text_style":"normal","use_custom_color":false,"custom_color":"#000000"}}},"block_order":["text_niHbzP","text_t3BcT4","text_QCAxbn"],"disabled":true,"settings":{"color_scheme":"scheme-inverse","vertical_alignment":"center","direction":"left","pause_on_hover":false,"speed":0.5,"h_spacing":60,"v_spacing":0,"padding_top":12,"padding_bottom":12,"show_divider":false,"divider_layout":"vertical"}},"header":{"type":"header","settings":{"container":"fixed","color_scheme":"scheme-1","menu":"main-menu","menu_mobile":"","header_layout":"left-center","sticky_header":"always","menu_trigger":"click","show_sperator_line":true,"enable_transparent_header":false,"transparent_header_color":"#ffffff","logo_mobile_position":"center","show_social_media_icons":true,"enable_language_selector":true,"enable_country_selector":true,"padding_top":20,"padding_bottom":20}}},"order":["scrolling_promotion_KhdTdc","header"]}