{"name":"Overlay group","type":"custom.overlay","sections":{"cart-drawer":{"type":"cart-drawer","settings":{"show_cart_note":true,"show_shipping_rates_calculator":true,"show_free_shipping_goal":true}},"search-drawer":{"type":"search-drawer","settings":{}},"quick-view":{"type":"quick-view","blocks":{"title":{"type":"title","settings":{"heading_size":"h1"}},"price":{"type":"price","settings":{}},"inventory":{"type":"inventory","settings":{"text_style":"body","inventory_threshold":20,"show_inventory_quantity":true}},"description":{"type":"description","settings":{}},"variant_picker":{"type":"variant_picker","settings":{"picker_type":"button"}},"buy_buttons":{"type":"buy_buttons","settings":{"show_quantity_selector":true,"show_dynamic_checkout":true,"show_gift_card_recipient":true}}},"block_order":["title","price","inventory","description","variant_picker","buy_buttons"],"settings":{"enable_video_looping":true}},"popup":{"type":"popup","blocks":{"image":{"type":"image","settings":{"image_position":"left"}},"heading":{"type":"heading","settings":{"heading":"Subscribe to our emails","text_size":"h1"}},"text":{"type":"text","settings":{"text":"<p>Be the first to know about new collections and exclusive offers.<\/p>"}},"form":{"type":"form","settings":{"design":"design-2","button_label":"Button label"}},"socials":{"type":"socials","settings":{}}},"block_order":["image","heading","text","form","socials"],"settings":{"enable":true,"show_for_homepage_only":true,"show_for_visitors_only":true,"trigger_open":"delay","repeat_open":"every_day","alignment":"center","width":880,"show_teaser":false,"teaser_button_text":"Newsletter","teaser_popup_bg":"#d63a2f","teaser_popup_text":"#ffffff"}}},"order":["cart-drawer","search-drawer","quick-view","popup"]}